Mes,IdServicio,Ano,IdEstablecimiento,CodigoPrestacion,descripcion_prestacion,IdRegion,IdComuna,mujeres_mamografia_vigente,trans_masculino_mamografia_vigente,pueblos_originarios,migrantes,tramo_edad
6,9,2025,109713,P1207040,Mujeres 60 a 64 anos con mamografia vigente (<= 2 anos),13,13125,37,0,0,0,60_64
6,9,2025,109312,P1207030,Mujeres 55 a 59 anos con mamografia vigente (<= 2 anos),13,13302,148,0,4,6,55_59
12,9,2025,109417,P1207030,Mujeres 55 a 59 anos con mamografia vigente (<= 2 anos),13,13301,19,0,0,0,55_59
12,9,2025,109315,P1220030,Mujeres 50 a 54 anos con mamografia vigente (<= 2 anos),13,13125,521,0,0,0,50_54
6,9,2025,200554,P1207040,Mujeres 60 a 64 anos con mamografia vigente (<= 2 anos),13,13108,107,0,0,6,60_64
12,9,2025,109311,P1207050,Mujeres 65 a 69 anos con mamografia vigente (<= 2 anos),13,13302,113,0,2,14,65_69
6,9,2025,109419,P1207030,Mujeres 55 a 59 anos con mamografia vigente (<= 2 anos),13,13301,7,0,0,0,55_59
12,9,2025,109309,P1207040,Mujeres 60 a 64 anos con mamografia vigente (<= 2 anos),13,13104,236,0,3,10,60_64
6,9,2025,109302,P1207050,Mujeres 65 a 69 anos con mamografia vigente (<= 2 anos),13,13104,162,0,0,9,65_69
6,9,2025,109305,P1207040,Mujeres 60 a 64 anos con mamografia vigente (<= 2 anos),13,13107,245,0,7,9,60_64
6,9,2025,109712,P1220030,Mujeres 50 a 54 anos con mamografia vigente (<= 2 anos),13,13302,66,0,0,10,50_54
12,9,2025,109321,P1220030,Mujeres 50 a 54 anos con mamografia vigente (<= 2 anos),13,13108,432,0,4,121,50_54
12,9,2025,109315,P1207040,Mujeres 60 a 64 anos con mamografia vigente (<= 2 anos),13,13125,431,0,0,0,60_64
12,9,2025,109317,P1207040,Mujeres 60 a 64 anos con mamografia vigente (<= 2 anos),13,13107,146,0,0,11,60_64
12,9,2025,109711,P1220030,Mujeres 50 a 54 anos con mamografia vigente (<= 2 anos),13,13302,77,0,1,6,50_54
12,9,2025,109307,P1207040,Mujeres 60 a 64 anos con mamografia vigente (<= 2 anos),13,13127,176,0,4,13,60_64
12,9,2025,200347,P1220030,Mujeres 50 a 54 anos con mamografia vigente (<= 2 anos),13,13104,116,0,2,8,50_54
6,9,2025,109300,P1220030,Mujeres 50 a 54 anos con mamografia vigente (<= 2 anos),13,13108,637,0,2,431,50_54
6,9,2025,109308,P1207050,Mujeres 65 a 69 anos con mamografia vigente (<= 2 anos),13,13104,183,0,3,20,65_69
12,9,2025,109314,P1207040,Mujeres 60 a 64 anos con mamografia vigente (<= 2 anos),13,13104,568,0,12,31,60_64
6,9,2025,109303,P1207050,Mujeres 65 a 69 anos con mamografia vigente (<= 2 anos),13,13127,199,0,0,0,65_69
6,9,2025,109712,P1207040,Mujeres 60 a 64 anos con mamografia vigente (<= 2 anos),13,13302,62,0,0,2,60_64
6,9,2025,200347,P1207050,Mujeres 65 a 69 anos con mamografia vigente (<= 2 anos),13,13104,52,0,2,4,65_69
6,9,2025,109310,P1207050,Mujeres 65 a 69 anos con mamografia vigente (<= 2 anos),13,13301,422,0,18,43,65_69
6,9,2025,109104,P1207050,Mujeres 65 a 69 anos con mamografia vigente (<= 2 anos),13,13303,90,0,0,0,65_69
6,9,2025,109416,P1220030,Mujeres 50 a 54 anos con mamografia vigente (<= 2 anos),13,13301,25,0,1,0,50_54
12,9,2025,109301,P1207030,Mujeres 55 a 59 anos con mamografia vigente (<= 2 anos),13,13127,398,0,0,143,55_59
12,9,2025,109418,P1220030,Mujeres 50 a 54 anos con mamografia vigente (<= 2 anos),13,13301,32,0,0,1,50_54
12,9,2025,109716,P1207030,Mujeres 55 a 59 anos con mamografia vigente (<= 2 anos),13,13301,40,0,1,3,55_59
6,9,2025,109410,P1207030,Mujeres 55 a 59 anos con mamografia vigente (<= 2 anos),13,13303,16,0,1,0,55_59
12,9,2025,109418,P1207030,Mujeres 55 a 59 anos con mamografia vigente (<= 2 anos),13,13301,36,0,0,3,55_59
12,9,2025,109308,P1207050,Mujeres 65 a 69 anos con mamografia vigente (<= 2 anos),13,13104,181,0,4,22,65_69
6,9,2025,109309,P1207030,Mujeres 55 a 59 anos con mamografia vigente (<= 2 anos),13,13104,173,0,6,14,55_59
6,9,2025,109390,P1207050,Mujeres 65 a 69 anos con mamografia vigente (<= 2 anos),13,13127,345,0,0,3,65_69
6,9,2025,109310,P1207030,Mujeres 55 a 59 anos con mamografia vigente (<= 2 anos),13,13301,526,0,21,128,55_59
6,9,2025,109104,P1207030,Mujeres 55 a 59 anos con mamografia vigente (<= 2 anos),13,13303,112,0,0,0,55_59
6,9,2025,109324,P1207050,Mujeres 65 a 69 anos con mamografia vigente (<= 2 anos),13,13125,135,0,0,0,65_69
6,9,2025,109420,P1207050,Mujeres 65 a 69 anos con mamografia vigente (<= 2 anos),13,13301,12,0,0,0,65_69
6,9,2025,109320,P1207030,Mujeres 55 a 59 anos con mamografia vigente (<= 2 anos),13,13303,145,0,0,5,55_59
12,9,2025,109307,P1220030,Mujeres 50 a 54 anos con mamografia vigente (<= 2 anos),13,13127,135,0,0,21,50_54
12,9,2025,200347,P1207040,Mujeres 60 a 64 anos con mamografia vigente (<= 2 anos),13,13104,131,0,3,10,60_64
12,9,2025,109715,P1207050,Mujeres 65 a 69 anos con mamografia vigente (<= 2 anos),13,13125,16,0,0,2,65_69
12,9,2025,109718,P1207040,Mujeres 60 a 64 anos con mamografia vigente (<= 2 anos),13,13107,136,0,3,10,60_64
12,9,2025,109313,P1220030,Mujeres 50 a 54 anos con mamografia vigente (<= 2 anos),13,13125,411,0,18,47,50_54
6,9,2025,109416,P1207040,Mujeres 60 a 64 anos con mamografia vigente (<= 2 anos),13,13301,20,0,0,0,60_64
12,9,2025,109303,P1207030,Mujeres 55 a 59 anos con mamografia vigente (<= 2 anos),13,13127,433,0,0,115,55_59
6,9,2025,109312,P1207050,Mujeres 65 a 69 anos con mamografia vigente (<= 2 anos),13,13302,61,0,1,2,65_69
12,9,2025,109417,P1220030,Mujeres 50 a 54 anos con mamografia vigente (<= 2 anos),13,13301,19,0,0,1,50_54
6,9,2025,200961,P1207030,Mujeres 55 a 59 anos con mamografia vigente (<= 2 anos),13,13107,74,0,0,19,55_59
6,9,2025,109312,P1207040,Mujeres 60 a 64 anos con mamografia vigente (<= 2 anos),13,13302,109,0,0,5,60_64
6,9,2025,109300,P1207050,Mujeres 65 a 69 anos con mamografia vigente (<= 2 anos),13,13108,318,0,1,156,65_69
6,9,2025,109711,P1220030,Mujeres 50 a 54 anos con mamografia vigente (<= 2 anos),13,13302,55,0,1,6,50_54
6,9,2025,109413,P1207040,Mujeres 60 a 64 anos con mamografia vigente (<= 2 anos),13,13303,15,0,0,0,60_64
12,9,2025,109312,P1207040,Mujeres 60 a 64 anos con mamografia vigente (<= 2 anos),13,13302,118,0,2,7,60_64
6,9,2025,109302,P1220030,Mujeres 50 a 54 anos con mamografia vigente (<= 2 anos),13,13104,273,0,2,40,50_54
6,9,2025,109317,P1220030,Mujeres 50 a 54 anos con mamografia vigente (<= 2 anos),13,13107,231,0,0,2,50_54
6,9,2025,109418,P1220030,Mujeres 50 a 54 anos con mamografia vigente (<= 2 anos),13,13301,37,0,1,2,50_54
12,9,2025,201462,P1207040,Mujeres 60 a 64 anos con mamografia vigente (<= 2 anos),13,13301,226,0,1,8,60_64
12,9,2025,109321,P1207050,Mujeres 65 a 69 anos con mamografia vigente (<= 2 anos),13,13108,273,0,2,85,65_69
6,9,2025,109711,P1207040,Mujeres 60 a 64 anos con mamografia vigente (<= 2 anos),13,13302,33,0,0,4,60_64
6,9,2025,109301,P1220030,Mujeres 50 a 54 anos con mamografia vigente (<= 2 anos),13,13127,536,0,0,364,50_54
12,9,2025,109301,P1207040,Mujeres 60 a 64 anos con mamografia vigente (<= 2 anos),13,13127,378,0,0,104,60_64
12,9,2025,109414,P1220030,Mujeres 50 a 54 anos con mamografia vigente (<= 2 anos),13,13303,63,0,0,4,50_54
6,9,2025,109417,P1220030,Mujeres 50 a 54 anos con mamografia vigente (<= 2 anos),13,13301,32,0,1,5,50_54
6,9,2025,109315,P1207050,Mujeres 65 a 69 anos con mamografia vigente (<= 2 anos),13,13125,173,0,0,0,65_69
12,9,2025,109315,P1207050,Mujeres 65 a 69 anos con mamografia vigente (<= 2 anos),13,13125,206,0,0,0,65_69
6,9,2025,200304,P1207040,Mujeres 60 a 64 anos con mamografia vigente (<= 2 anos),13,13125,38,0,0,0,60_64
12,9,2025,109709,P1207050,Mujeres 65 a 69 anos con mamografia vigente (<= 2 anos),13,13104,67,0,0,5,65_69
12,9,2025,109301,P1220030,Mujeres 50 a 54 anos con mamografia vigente (<= 2 anos),13,13127,455,0,0,218,50_54
6,9,2025,201091,P1207050,Mujeres 65 a 69 anos con mamografia vigente (<= 2 anos),13,13125,294,0,2,16,65_69
12,9,2025,109416,P1207030,Mujeres 55 a 59 anos con mamografia vigente (<= 2 anos),13,13301,32,0,0,0,55_59
12,9,2025,109715,P1207040,Mujeres 60 a 64 anos con mamografia vigente (<= 2 anos),13,13125,12,0,0,2,60_64
12,9,2025,109321,P1207030,Mujeres 55 a 59 anos con mamografia vigente (<= 2 anos),13,13108,429,0,4,127,55_59
6,9,2025,201462,P1207040,Mujeres 60 a 64 anos con mamografia vigente (<= 2 anos),13,13301,189,0,0,6,60_64
12,9,2025,109412,P1207040,Mujeres 60 a 64 anos con mamografia vigente (<= 2 anos),13,13303,19,0,0,0,60_64
12,9,2025,200961,P1220030,Mujeres 50 a 54 anos con mamografia vigente (<= 2 anos),13,13107,164,0,0,42,50_54
6,9,2025,109712,P1207030,Mujeres 55 a 59 anos con mamografia vigente (<= 2 anos),13,13302,75,0,1,8,55_59
12,9,2025,109316,P1207030,Mujeres 55 a 59 anos con mamografia vigente (<= 2 anos),13,13301,610,0,2,25,55_59
6,9,2025,109718,P1207040,Mujeres 60 a 64 anos con mamografia vigente (<= 2 anos),13,13107,99,0,0,7,60_64
12,9,2025,109413,P1207030,Mujeres 55 a 59 anos con mamografia vigente (<= 2 anos),13,13303,13,0,0,0,55_59
12,9,2025,109305,P1207040,Mujeres 60 a 64 anos con mamografia vigente (<= 2 anos),13,13107,376,0,9,16,60_64
12,9,2025,109712,P1207050,Mujeres 65 a 69 anos con mamografia vigente (<= 2 anos),13,13302,27,0,0,1,65_69
12,9,2025,201462,P1207050,Mujeres 65 a 69 anos con mamografia vigente (<= 2 anos),13,13301,124,0,0,4,65_69
6,9,2025,109307,P1207040,Mujeres 60 a 64 anos con mamografia vigente (<= 2 anos),13,13127,417,0,4,13,60_64
6,9,2025,109320,P1207050,Mujeres 65 a 69 anos con mamografia vigente (<= 2 anos),13,13303,54,0,0,0,65_69
6,9,2025,109309,P1207040,Mujeres 60 a 64 anos con mamografia vigente (<= 2 anos),13,13104,137,0,4,9,60_64
12,9,2025,109416,P1207050,Mujeres 65 a 69 anos con mamografia vigente (<= 2 anos),13,13301,11,0,0,0,65_69
12,9,2025,109414,P1207030,Mujeres 55 a 59 anos con mamografia vigente (<= 2 anos),13,13303,46,0,0,2,55_59
6,9,2025,109417,P1207040,Mujeres 60 a 64 anos con mamografia vigente (<= 2 anos),13,13301,17,0,0,2,60_64
6,9,2025,201462,P1207030,Mujeres 55 a 59 anos con mamografia vigente (<= 2 anos),13,13301,245,0,3,7,55_59
6,9,2025,109713,P1220030,Mujeres 50 a 54 anos con mamografia vigente (<= 2 anos),13,13125,70,0,0,0,50_54
6,9,2025,109419,P1207040,Mujeres 60 a 64 anos con mamografia vigente (<= 2 anos),13,13301,4,0,0,0,60_64
12,9,2025,109324,P1207040,Mujeres 60 a 64 anos con mamografia vigente (<= 2 anos),13,13125,409,0,0,33,60_64
6,9,2025,109321,P1207050,Mujeres 65 a 69 anos con mamografia vigente (<= 2 anos),13,13108,290,0,2,70,65_69
6,9,2025,109313,P1207050,Mujeres 65 a 69 anos con mamografia vigente (<= 2 anos),13,13125,142,0,1,7,65_69
6,9,2025,109313,P1207040,Mujeres 60 a 64 anos con mamografia vigente (<= 2 anos),13,13125,315,0,10,23,60_64
12,9,2025,201091,P1207050,Mujeres 65 a 69 anos con mamografia vigente (<= 2 anos),13,13125,198,0,0,5,65_69
12,9,2025,109413,P1207050,Mujeres 65 a 69 anos con mamografia vigente (<= 2 anos),13,13303,15,0,0,0,65_69
12,9,2025,109716,P1207040,Mujeres 60 a 64 anos con mamografia vigente (<= 2 anos),13,13301,28,0,0,5,60_64
12,9,2025,109713,P1220030,Mujeres 50 a 54 anos con mamografia vigente (<= 2 anos),13,13125,33,0,0,0,50_54
6,9,2025,109412,P1220030,Mujeres 50 a 54 anos con mamografia vigente (<= 2 anos),13,13303,11,0,0,0,50_54
6,9,2025,109414,P1207040,Mujeres 60 a 64 anos con mamografia vigente (<= 2 anos),13,13303,30,0,0,0,60_64
12,10,2025,110160,P1220030,Mujeres 50 a 54 anos con mamografia vigente (<= 2 anos),13,13503,243,0,0,4,50_54
12,10,2025,110160,P1207030,Mujeres 55 a 59 anos con mamografia vigente (<= 2 anos),13,13503,278,0,1,9,55_59
12,10,2025,200365,P1220030,Mujeres 50 a 54 anos con mamografia vigente (<= 2 anos),13,13601,73,0,0,0,50_54
12,10,2025,200365,P1207030,Mujeres 55 a 59 anos con mamografia vigente (<= 2 anos),13,13601,61,0,0,0,55_59
12,10,2025,200365,P1207040,Mujeres 60 a 64 anos con mamografia vigente (<= 2 anos),13,13601,38,0,0,0,60_64
12,10,2025,200365,P1207050,Mujeres 65 a 69 anos con mamografia vigente (<= 2 anos),13,13601,7,0,0,0,65_69
12,10,2025,110350,P1207040,Mujeres 60 a 64 anos con mamografia vigente (<= 2 anos),13,13124,607,0,15,11,60_64
12,10,2025,110350,P1207050,Mujeres 65 a 69 anos con mamografia vigente (<= 2 anos),13,13124,236,0,6,3,65_69
12,10,2025,110720,P1220030,Mujeres 50 a 54 anos con mamografia vigente (<= 2 anos),13,13126,44,0,0,6,50_54
12,10,2025,110720,P1207030,Mujeres 55 a 59 anos con mamografia vigente (<= 2 anos),13,13126,49,0,1,7,55_59
12,10,2025,110510,P1220030,Mujeres 50 a 54 anos con mamografia vigente (<= 2 anos),13,13502,13,0,0,0,50_54
12,10,2025,110510,P1207030,Mujeres 55 a 59 anos con mamografia vigente (<= 2 anos),13,13502,23,0,0,0,55_59
12,10,2025,110510,P1207040,Mujeres 60 a 64 anos con mamografia vigente (<= 2 anos),13,13502,14,0,0,0,60_64
12,10,2025,110783,P1220030,Mujeres 50 a 54 anos con mamografia vigente (<= 2 anos),13,13501,24,0,0,0,50_54
12,10,2025,110330,P1220030,Mujeres 50 a 54 anos con mamografia vigente (<= 2 anos),13,13103,359,0,37,44,50_54
12,10,2025,110330,P1207030,Mujeres 55 a 59 anos con mamografia vigente (<= 2 anos),13,13103,340,0,44,19,55_59
12,10,2025,110510,P1207050,Mujeres 65 a 69 anos con mamografia vigente (<= 2 anos),13,13502,6,0,0,0,65_69
12,10,2025,110783,P1207030,Mujeres 55 a 59 anos con mamografia vigente (<= 2 anos),13,13501,27,0,0,0,55_59
12,10,2025,110783,P1207040,Mujeres 60 a 64 anos con mamografia vigente (<= 2 anos),13,13501,32,0,0,0,60_64
12,10,2025,110783,P1207050,Mujeres 65 a 69 anos con mamografia vigente (<= 2 anos),13,13501,16,0,0,0,65_69
12,10,2025,110410,P1220030,Mujeres 50 a 54 anos con mamografia vigente (<= 2 anos),13,13124,10,0,0,2,50_54
12,10,2025,110410,P1207030,Mujeres 55 a 59 anos con mamografia vigente (<= 2 anos),13,13124,9,0,0,0,55_59
12,10,2025,110410,P1207040,Mujeres 60 a 64 anos con mamografia vigente (<= 2 anos),13,13124,7,0,0,1,60_64
12,10,2025,110410,P1207050,Mujeres 65 a 69 anos con mamografia vigente (<= 2 anos),13,13124,2,0,1,0,65_69
12,10,2025,110720,P1207040,Mujeres 60 a 64 anos con mamografia vigente (<= 2 anos),13,13126,59,0,2,1,60_64
12,10,2025,110720,P1207050,Mujeres 65 a 69 anos con mamografia vigente (<= 2 anos),13,13126,41,0,0,0,65_69
6,10,2025,110492,P1207050,Mujeres 65 a 69 anos con mamografia vigente (<= 2 anos),13,13505,3,0,0,0,65_69
12,10,2025,110160,P1207040,Mujeres 60 a 64 anos con mamografia vigente (<= 2 anos),13,13503,285,0,1,3,60_64
12,10,2025,110160,P1207050,Mujeres 65 a 69 anos con mamografia vigente (<= 2 anos),13,13503,133,0,0,3,65_69
6,10,2025,110720,P1220030,Mujeres 50 a 54 anos con mamografia vigente (<= 2 anos),13,13126,45,0,0,4,50_54
6,10,2025,110720,P1207030,Mujeres 55 a 59 anos con mamografia vigente (<= 2 anos),13,13126,62,0,1,5,55_59
6,10,2025,110758,P1207050,Mujeres 65 a 69 anos con mamografia vigente (<= 2 anos),13,13124,9,0,0,0,65_69
12,10,2025,110758,P1207050,Mujeres 65 a 69 anos con mamografia vigente (<= 2 anos),13,13124,8,0,0,1,65_69
6,10,2025,110720,P1207040,Mujeres 60 a 64 anos con mamografia vigente (<= 2 anos),13,13126,63,0,1,1,60_64
6,10,2025,110720,P1207050,Mujeres 65 a 69 anos con mamografia vigente (<= 2 anos),13,13126,47,0,0,0,65_69
6,14,2025,114331,P1220030,Mujeres 50 a 54 anos con mamografia vigente (<= 2 anos),13,13110,204,0,7,33,50_54
6,10,2025,110431,P1220030,Mujeres 50 a 54 anos con mamografia vigente (<= 2 anos),13,13603,25,0,0,1,50_54
6,10,2025,110431,P1207030,Mujeres 55 a 59 anos con mamografia vigente (<= 2 anos),13,13603,31,0,0,1,55_59
6,10,2025,110431,P1207040,Mujeres 60 a 64 anos con mamografia vigente (<= 2 anos),13,13603,32,0,1,2,60_64
12,10,2025,110310,P1220030,Mujeres 50 a 54 anos con mamografia vigente (<= 2 anos),13,13126,144,0,6,42,50_54
12,10,2025,110310,P1207030,Mujeres 55 a 59 anos con mamografia vigente (<= 2 anos),13,13126,114,0,1,37,55_59
12,10,2025,110310,P1207040,Mujeres 60 a 64 anos con mamografia vigente (<= 2 anos),13,13126,106,0,4,29,60_64
12,10,2025,110310,P1207050,Mujeres 65 a 69 anos con mamografia vigente (<= 2 anos),13,13126,61,0,2,9,65_69
6,9,2025,109303,P1207030,Mujeres 55 a 59 anos con mamografia vigente (<= 2 anos),13,13127,468,0,0,0,55_59
12,10,2025,200454,P1220030,Mujeres 50 a 54 anos con mamografia vigente (<= 2 anos),13,13602,68,0,0,1,50_54
12,10,2025,200454,P1207030,Mujeres 55 a 59 anos con mamografia vigente (<= 2 anos),13,13602,47,0,1,0,55_59
12,10,2025,200454,P1207040,Mujeres 60 a 64 anos con mamografia vigente (<= 2 anos),13,13602,64,0,0,0,60_64
12,10,2025,200454,P1207050,Mujeres 65 a 69 anos con mamografia vigente (<= 2 anos),13,13602,32,0,0,1,65_69
6,14,2025,114330,P1207030,Mujeres 55 a 59 anos con mamografia vigente (<= 2 anos),13,13110,217,0,2,8,55_59
6,14,2025,114329,P1207030,Mujeres 55 a 59 anos con mamografia vigente (<= 2 anos),13,13201,313,0,0,0,55_59
6,14,2025,114329,P1207040,Mujeres 60 a 64 anos con mamografia vigente (<= 2 anos),13,13201,273,0,0,0,60_64
6,14,2025,114329,P1207050,Mujeres 65 a 69 anos con mamografia vigente (<= 2 anos),13,13201,139,0,0,0,65_69
6,10,2025,110775,P1220030,Mujeres 50 a 54 anos con mamografia vigente (<= 2 anos),13,13603,34,0,0,0,50_54
6,10,2025,110310,P1220030,Mujeres 50 a 54 anos con mamografia vigente (<= 2 anos),13,13126,96,0,0,51,50_54
6,10,2025,110310,P1207030,Mujeres 55 a 59 anos con mamografia vigente (<= 2 anos),13,13126,131,0,2,57,55_59
6,10,2025,110310,P1207040,Mujeres 60 a 64 anos con mamografia vigente (<= 2 anos),13,13126,91,0,0,36,60_64
6,10,2025,110310,P1207050,Mujeres 65 a 69 anos con mamografia vigente (<= 2 anos),13,13126,82,0,1,17,65_69
12,10,2025,110362,P1220030,Mujeres 50 a 54 anos con mamografia vigente (<= 2 anos),13,13128,375,0,35,2,50_54
12,10,2025,110362,P1207030,Mujeres 55 a 59 anos con mamografia vigente (<= 2 anos),13,13128,257,0,26,1,55_59
12,10,2025,110362,P1207040,Mujeres 60 a 64 anos con mamografia vigente (<= 2 anos),13,13128,319,0,23,4,60_64
12,10,2025,110362,P1207050,Mujeres 65 a 69 anos con mamografia vigente (<= 2 anos),13,13128,278,0,21,0,65_69
12,10,2025,110750,P1220030,Mujeres 50 a 54 anos con mamografia vigente (<= 2 anos),13,13124,17,0,0,0,50_54
12,10,2025,110750,P1207030,Mujeres 55 a 59 anos con mamografia vigente (<= 2 anos),13,13124,17,0,0,0,55_59
12,10,2025,110750,P1207040,Mujeres 60 a 64 anos con mamografia vigente (<= 2 anos),13,13124,34,0,1,0,60_64
12,10,2025,110750,P1207050,Mujeres 65 a 69 anos con mamografia vigente (<= 2 anos),13,13124,10,0,1,0,65_69
6,10,2025,110355,P1220030,Mujeres 50 a 54 anos con mamografia vigente (<= 2 anos),13,13103,207,0,16,23,50_54
6,10,2025,110355,P1207030,Mujeres 55 a 59 anos con mamografia vigente (<= 2 anos),13,13103,237,0,13,22,55_59
6,11,2025,111380,P1220030,Mujeres 50 a 54 anos con mamografia vigente (<= 2 anos),13,13119,341,0,16,11,50_54
6,11,2025,111380,P1207030,Mujeres 55 a 59 anos con mamografia vigente (<= 2 anos),13,13119,372,0,13,10,55_59
6,10,2025,110752,P1220030,Mujeres 50 a 54 anos con mamografia vigente (<= 2 anos),13,13124,62,0,0,4,50_54
6,10,2025,110752,P1207030,Mujeres 55 a 59 anos con mamografia vigente (<= 2 anos),13,13124,68,0,0,3,55_59
6,10,2025,110440,P1220030,Mujeres 50 a 54 anos con mamografia vigente (<= 2 anos),13,13501,89,0,0,0,50_54
6,10,2025,110440,P1207030,Mujeres 55 a 59 anos con mamografia vigente (<= 2 anos),13,13501,79,0,0,0,55_59
6,10,2025,110440,P1207040,Mujeres 60 a 64 anos con mamografia vigente (<= 2 anos),13,13501,88,0,0,0,60_64
12,10,2025,110385,P1220030,Mujeres 50 a 54 anos con mamografia vigente (<= 2 anos),13,13504,223,0,5,1,50_54
12,10,2025,110385,P1207030,Mujeres 55 a 59 anos con mamografia vigente (<= 2 anos),13,13504,201,0,4,0,55_59
12,10,2025,110385,P1207040,Mujeres 60 a 64 anos con mamografia vigente (<= 2 anos),13,13504,216,0,4,0,60_64
12,10,2025,110432,P1220030,Mujeres 50 a 54 anos con mamografia vigente (<= 2 anos),13,13603,17,0,0,0,50_54
12,10,2025,110432,P1207030,Mujeres 55 a 59 anos con mamografia vigente (<= 2 anos),13,13603,7,0,0,0,55_59
12,10,2025,110432,P1207040,Mujeres 60 a 64 anos con mamografia vigente (<= 2 anos),13,13603,9,0,0,0,60_64
12,10,2025,110432,P1207050,Mujeres 65 a 69 anos con mamografia vigente (<= 2 anos),13,13603,5,0,0,0,65_69
12,10,2025,110308,P1220030,Mujeres 50 a 54 anos con mamografia vigente (<= 2 anos),13,13605,347,0,6,5,50_54
12,10,2025,110308,P1207030,Mujeres 55 a 59 anos con mamografia vigente (<= 2 anos),13,13605,292,0,1,4,55_59
12,10,2025,110308,P1207040,Mujeres 60 a 64 anos con mamografia vigente (<= 2 anos),13,13605,292,0,2,6,60_64
12,10,2025,110308,P1207050,Mujeres 65 a 69 anos con mamografia vigente (<= 2 anos),13,13605,115,0,0,1,65_69
12,10,2025,110781,P1220030,Mujeres 50 a 54 anos con mamografia vigente (<= 2 anos),13,13501,48,0,1,1,50_54
12,10,2025,110781,P1207030,Mujeres 55 a 59 anos con mamografia vigente (<= 2 anos),13,13501,32,0,0,4,55_59
12,10,2025,110781,P1207040,Mujeres 60 a 64 anos con mamografia vigente (<= 2 anos),13,13501,27,0,0,3,60_64
6,10,2025,110440,P1207050,Mujeres 65 a 69 anos con mamografia vigente (<= 2 anos),13,13501,51,0,0,0,65_69
12,10,2025,110385,P1207050,Mujeres 65 a 69 anos con mamografia vigente (<= 2 anos),13,13504,133,0,2,0,65_69
6,10,2025,110781,P1220030,Mujeres 50 a 54 anos con mamografia vigente (<= 2 anos),13,13501,30,0,0,0,50_54
6,10,2025,110781,P1207030,Mujeres 55 a 59 anos con mamografia vigente (<= 2 anos),13,13501,8,0,2,0,55_59
6,10,2025,110781,P1207040,Mujeres 60 a 64 anos con mamografia vigente (<= 2 anos),13,13501,8,0,1,0,60_64
6,10,2025,110781,P1207050,Mujeres 65 a 69 anos con mamografia vigente (<= 2 anos),13,13501,2,0,0,0,65_69
12,10,2025,110781,P1207050,Mujeres 65 a 69 anos con mamografia vigente (<= 2 anos),13,13501,7,0,0,1,65_69
12,10,2025,110370,P1220030,Mujeres 50 a 54 anos con mamografia vigente (<= 2 anos),13,13602,424,0,11,15,50_54
12,10,2025,110370,P1207030,Mujeres 55 a 59 anos con mamografia vigente (<= 2 anos),13,13602,399,0,11,4,55_59
12,10,2025,110370,P1207040,Mujeres 60 a 64 anos con mamografia vigente (<= 2 anos),13,13602,339,0,10,1,60_64
6,10,2025,110366,P1207030,Mujeres 55 a 59 anos con mamografia vigente (<= 2 anos),13,13604,1523,0,76,110,55_59
6,10,2025,110366,P1207040,Mujeres 60 a 64 anos con mamografia vigente (<= 2 anos),13,13604,1358,0,46,88,60_64
6,10,2025,110366,P1207050,Mujeres 65 a 69 anos con mamografia vigente (<= 2 anos),13,13604,1035,0,31,46,65_69
12,10,2025,110316,P1220030,Mujeres 50 a 54 anos con mamografia vigente (<= 2 anos),13,13117,381,0,33,46,50_54
12,10,2025,110316,P1207030,Mujeres 55 a 59 anos con mamografia vigente (<= 2 anos),13,13117,312,0,21,24,55_59
12,10,2025,110316,P1207040,Mujeres 60 a 64 anos con mamografia vigente (<= 2 anos),13,13117,280,0,18,18,60_64
12,10,2025,110316,P1207050,Mujeres 65 a 69 anos con mamografia vigente (<= 2 anos),13,13117,207,0,7,10,65_69
12,10,2025,110370,P1207050,Mujeres 65 a 69 anos con mamografia vigente (<= 2 anos),13,13602,177,0,1,4,65_69
6,10,2025,110353,P1220030,Mujeres 50 a 54 anos con mamografia vigente (<= 2 anos),13,13124,279,0,13,18,50_54
6,10,2025,110353,P1207030,Mujeres 55 a 59 anos con mamografia vigente (<= 2 anos),13,13124,212,0,9,16,55_59
12,10,2025,110361,P1220030,Mujeres 50 a 54 anos con mamografia vigente (<= 2 anos),13,13128,659,0,0,0,50_54
12,10,2025,110361,P1207030,Mujeres 55 a 59 anos con mamografia vigente (<= 2 anos),13,13128,593,0,0,0,55_59
12,10,2025,110361,P1207040,Mujeres 60 a 64 anos con mamografia vigente (<= 2 anos),13,13128,475,0,0,0,60_64
12,10,2025,110361,P1207050,Mujeres 65 a 69 anos con mamografia vigente (<= 2 anos),13,13128,191,0,0,0,65_69
12,10,2025,110366,P1220030,Mujeres 50 a 54 anos con mamografia vigente (<= 2 anos),13,13604,1704,0,59,50,50_54
6,10,2025,110430,P1220030,Mujeres 50 a 54 anos con mamografia vigente (<= 2 anos),13,13603,21,0,0,0,50_54
6,10,2025,110430,P1207030,Mujeres 55 a 59 anos con mamografia vigente (<= 2 anos),13,13603,17,0,0,0,55_59
6,10,2025,110752,P1207040,Mujeres 60 a 64 anos con mamografia vigente (<= 2 anos),13,13124,84,0,0,2,60_64
6,10,2025,110752,P1207050,Mujeres 65 a 69 anos con mamografia vigente (<= 2 anos),13,13124,41,0,1,3,65_69
12,10,2025,110355,P1220030,Mujeres 50 a 54 anos con mamografia vigente (<= 2 anos),13,13103,224,0,13,28,50_54
12,10,2025,110355,P1207030,Mujeres 55 a 59 anos con mamografia vigente (<= 2 anos),13,13103,250,0,14,26,55_59
12,10,2025,110355,P1207040,Mujeres 60 a 64 anos con mamografia vigente (<= 2 anos),13,13103,249,0,15,14,60_64
12,10,2025,110355,P1207050,Mujeres 65 a 69 anos con mamografia vigente (<= 2 anos),13,13103,192,0,9,10,65_69
12,10,2025,110366,P1207030,Mujeres 55 a 59 anos con mamografia vigente (<= 2 anos),13,13604,1508,0,44,37,55_59
12,10,2025,110366,P1207040,Mujeres 60 a 64 anos con mamografia vigente (<= 2 anos),13,13604,1294,0,24,30,60_64
12,10,2025,110366,P1207050,Mujeres 65 a 69 anos con mamografia vigente (<= 2 anos),13,13604,967,0,23,16,65_69
6,10,2025,110320,P1220030,Mujeres 50 a 54 anos con mamografia vigente (<= 2 anos),13,13126,168,0,4,2,50_54
12,10,2025,110505,P1220030,Mujeres 50 a 54 anos con mamografia vigente (<= 2 anos),13,13502,14,0,2,0,50_54
12,10,2025,110505,P1207030,Mujeres 55 a 59 anos con mamografia vigente (<= 2 anos),13,13502,8,0,1,0,55_59
12,10,2025,110505,P1207040,Mujeres 60 a 64 anos con mamografia vigente (<= 2 anos),13,13502,15,0,0,0,60_64
12,10,2025,110505,P1207050,Mujeres 65 a 69 anos con mamografia vigente (<= 2 anos),13,13502,5,0,0,0,65_69
12,10,2025,110315,P1220030,Mujeres 50 a 54 anos con mamografia vigente (<= 2 anos),13,13117,378,0,29,59,50_54
12,10,2025,110315,P1207030,Mujeres 55 a 59 anos con mamografia vigente (<= 2 anos),13,13117,362,0,23,46,55_59
6,10,2025,110360,P1220030,Mujeres 50 a 54 anos con mamografia vigente (<= 2 anos),13,13128,437,0,10,48,50_54
6,10,2025,110360,P1207030,Mujeres 55 a 59 anos con mamografia vigente (<= 2 anos),13,13128,432,0,8,35,55_59
12,10,2025,110315,P1207040,Mujeres 60 a 64 anos con mamografia vigente (<= 2 anos),13,13117,407,0,23,37,60_64
12,10,2025,110315,P1207050,Mujeres 65 a 69 anos con mamografia vigente (<= 2 anos),13,13117,210,0,7,14,65_69
6,10,2025,110485,P1220030,Mujeres 50 a 54 anos con mamografia vigente (<= 2 anos),13,13505,21,0,0,0,50_54
6,10,2025,110485,P1207030,Mujeres 55 a 59 anos con mamografia vigente (<= 2 anos),13,13505,20,0,0,0,55_59
6,10,2025,110485,P1207040,Mujeres 60 a 64 anos con mamografia vigente (<= 2 anos),13,13505,20,0,0,1,60_64
6,10,2025,110485,P1207050,Mujeres 65 a 69 anos con mamografia vigente (<= 2 anos),13,13505,7,0,0,0,65_69
12,10,2025,110756,P1220030,Mujeres 50 a 54 anos con mamografia vigente (<= 2 anos),13,13124,22,0,0,1,50_54
12,10,2025,110756,P1207030,Mujeres 55 a 59 anos con mamografia vigente (<= 2 anos),13,13124,23,0,1,0,55_59
12,10,2025,110756,P1207040,Mujeres 60 a 64 anos con mamografia vigente (<= 2 anos),13,13124,22,0,1,2,60_64
12,10,2025,110756,P1207050,Mujeres 65 a 69 anos con mamografia vigente (<= 2 anos),13,13124,18,0,0,0,65_69
6,10,2025,110445,P1220030,Mujeres 50 a 54 anos con mamografia vigente (<= 2 anos),13,13501,39,0,0,0,50_54
6,10,2025,110445,P1207030,Mujeres 55 a 59 anos con mamografia vigente (<= 2 anos),13,13501,41,0,0,0,55_59
6,10,2025,110445,P1207040,Mujeres 60 a 64 anos con mamografia vigente (<= 2 anos),13,13501,40,0,0,1,60_64
6,10,2025,110445,P1207050,Mujeres 65 a 69 anos con mamografia vigente (<= 2 anos),13,13501,26,0,0,0,65_69
6,10,2025,200365,P1220030,Mujeres 50 a 54 anos con mamografia vigente (<= 2 anos),13,13601,74,0,0,0,50_54
6,10,2025,200365,P1207030,Mujeres 55 a 59 anos con mamografia vigente (<= 2 anos),13,13601,61,0,0,0,55_59
6,10,2025,110160,P1207040,Mujeres 60 a 64 anos con mamografia vigente (<= 2 anos),13,13503,230,0,0,2,60_64
6,10,2025,110160,P1207050,Mujeres 65 a 69 anos con mamografia vigente (<= 2 anos),13,13503,147,0,0,1,65_69
6,10,2025,200365,P1207040,Mujeres 60 a 64 anos con mamografia vigente (<= 2 anos),13,13601,31,0,0,0,60_64
6,10,2025,200365,P1207050,Mujeres 65 a 69 anos con mamografia vigente (<= 2 anos),13,13601,18,0,0,0,65_69
12,10,2025,110470,P1220030,Mujeres 50 a 54 anos con mamografia vigente (<= 2 anos),13,13504,12,0,1,0,50_54
12,10,2025,110470,P1207030,Mujeres 55 a 59 anos con mamografia vigente (<= 2 anos),13,13504,13,0,0,0,55_59
12,10,2025,110470,P1207040,Mujeres 60 a 64 anos con mamografia vigente (<= 2 anos),13,13504,24,0,0,0,60_64
12,10,2025,110470,P1207050,Mujeres 65 a 69 anos con mamografia vigente (<= 2 anos),13,13504,15,0,0,0,65_69
6,10,2025,110505,P1220030,Mujeres 50 a 54 anos con mamografia vigente (<= 2 anos),13,13502,14,0,2,0,50_54
6,10,2025,110505,P1207030,Mujeres 55 a 59 anos con mamografia vigente (<= 2 anos),13,13502,6,0,1,0,55_59
6,10,2025,110505,P1207040,Mujeres 60 a 64 anos con mamografia vigente (<= 2 anos),13,13502,13,0,0,0,60_64
6,10,2025,110505,P1207050,Mujeres 65 a 69 anos con mamografia vigente (<= 2 anos),13,13502,5,0,0,0,65_69
6,10,2025,201353,P1207040,Mujeres 60 a 64 anos con mamografia vigente (<= 2 anos),13,13124,1,0,0,0,60_64
6,10,2025,200965,P1220030,Mujeres 50 a 54 anos con mamografia vigente (<= 2 anos),13,13501,88,0,4,5,50_54
6,10,2025,110160,P1220030,Mujeres 50 a 54 anos con mamografia vigente (<= 2 anos),13,13503,319,0,0,8,50_54
6,10,2025,110160,P1207030,Mujeres 55 a 59 anos con mamografia vigente (<= 2 anos),13,13503,282,0,0,8,55_59
6,10,2025,110362,P1220030,Mujeres 50 a 54 anos con mamografia vigente (<= 2 anos),13,13128,409,0,38,5,50_54
6,10,2025,110362,P1207030,Mujeres 55 a 59 anos con mamografia vigente (<= 2 anos),13,13128,273,0,24,0,55_59
12,10,2025,110351,P1207050,Mujeres 65 a 69 anos con mamografia vigente (<= 2 anos),13,13124,119,0,7,2,65_69
12,10,2025,110351,P1220030,Mujeres 50 a 54 anos con mamografia vigente (<= 2 anos),13,13124,220,0,10,8,50_54
12,10,2025,110351,P1207030,Mujeres 55 a 59 anos con mamografia vigente (<= 2 anos),13,13124,145,0,4,9,55_59
12,10,2025,110351,P1207040,Mujeres 60 a 64 anos con mamografia vigente (<= 2 anos),13,13124,163,0,2,4,60_64
6,10,2025,110351,P1220030,Mujeres 50 a 54 anos con mamografia vigente (<= 2 anos),13,13124,352,0,1,0,50_54
6,10,2025,110351,P1207030,Mujeres 55 a 59 anos con mamografia vigente (<= 2 anos),13,13124,207,0,1,2,55_59
6,10,2025,110351,P1207040,Mujeres 60 a 64 anos con mamografia vigente (<= 2 anos),13,13124,193,0,0,1,60_64
6,10,2025,200385,P1207030,Mujeres 55 a 59 anos con mamografia vigente (<= 2 anos),13,13603,14,0,0,0,55_59
6,10,2025,200385,P1207040,Mujeres 60 a 64 anos con mamografia vigente (<= 2 anos),13,13603,18,0,0,0,60_64
6,10,2025,200385,P1207050,Mujeres 65 a 69 anos con mamografia vigente (<= 2 anos),13,13603,10,0,0,0,65_69
12,10,2025,110380,P1207040,Mujeres 60 a 64 anos con mamografia vigente (<= 2 anos),13,13501,181,0,1,0,60_64
12,10,2025,110380,P1207050,Mujeres 65 a 69 anos con mamografia vigente (<= 2 anos),13,13501,101,0,1,1,65_69
6,10,2025,200454,P1220030,Mujeres 50 a 54 anos con mamografia vigente (<= 2 anos),13,13602,56,0,0,1,50_54
6,10,2025,200454,P1207030,Mujeres 55 a 59 anos con mamografia vigente (<= 2 anos),13,13602,42,0,1,1,55_59
12,10,2025,110492,P1220030,Mujeres 50 a 54 anos con mamografia vigente (<= 2 anos),13,13505,9,0,0,0,50_54
12,10,2025,110492,P1207030,Mujeres 55 a 59 anos con mamografia vigente (<= 2 anos),13,13505,11,0,0,0,55_59
6,10,2025,200454,P1207040,Mujeres 60 a 64 anos con mamografia vigente (<= 2 anos),13,13602,53,0,0,0,60_64
6,10,2025,200454,P1207050,Mujeres 65 a 69 anos con mamografia vigente (<= 2 anos),13,13602,27,0,0,0,65_69
12,10,2025,110335,P1207030,Mujeres 55 a 59 anos con mamografia vigente (<= 2 anos),13,13103,273,0,34,15,55_59
12,10,2025,110335,P1207040,Mujeres 60 a 64 anos con mamografia vigente (<= 2 anos),13,13103,225,0,19,9,60_64
12,10,2025,110335,P1207050,Mujeres 65 a 69 anos con mamografia vigente (<= 2 anos),13,13103,136,0,12,7,65_69
12,10,2025,200385,P1220030,Mujeres 50 a 54 anos con mamografia vigente (<= 2 anos),13,13603,11,0,1,0,50_54
12,10,2025,200385,P1207030,Mujeres 55 a 59 anos con mamografia vigente (<= 2 anos),13,13603,10,0,0,0,55_59
12,10,2025,200385,P1207040,Mujeres 60 a 64 anos con mamografia vigente (<= 2 anos),13,13603,5,0,0,0,60_64
12,10,2025,200385,P1207050,Mujeres 65 a 69 anos con mamografia vigente (<= 2 anos),13,13603,13,0,0,0,65_69
6,10,2025,110316,P1220030,Mujeres 50 a 54 anos con mamografia vigente (<= 2 anos),13,13117,324,0,29,40,50_54
6,10,2025,110316,P1207030,Mujeres 55 a 59 anos con mamografia vigente (<= 2 anos),13,13117,282,0,22,21,55_59
6,10,2025,110316,P1207040,Mujeres 60 a 64 anos con mamografia vigente (<= 2 anos),13,13117,249,0,15,16,60_64
6,10,2025,110425,P1220030,Mujeres 50 a 54 anos con mamografia vigente (<= 2 anos),13,13603,236,0,0,0,50_54
6,10,2025,200965,P1207030,Mujeres 55 a 59 anos con mamografia vigente (<= 2 anos),13,13501,78,0,2,3,55_59
6,10,2025,200965,P1207040,Mujeres 60 a 64 anos con mamografia vigente (<= 2 anos),13,13501,46,0,1,3,60_64
6,10,2025,200965,P1207050,Mujeres 65 a 69 anos con mamografia vigente (<= 2 anos),13,13501,6,0,0,0,65_69
6,10,2025,110351,P1207050,Mujeres 65 a 69 anos con mamografia vigente (<= 2 anos),13,13124,152,0,0,0,65_69
6,10,2025,110320,P1207030,Mujeres 55 a 59 anos con mamografia vigente (<= 2 anos),13,13126,143,0,2,4,55_59
6,10,2025,110320,P1207040,Mujeres 60 a 64 anos con mamografia vigente (<= 2 anos),13,13126,155,0,0,1,60_64
6,10,2025,110320,P1207050,Mujeres 65 a 69 anos con mamografia vigente (<= 2 anos),13,13126,92,0,0,1,65_69
6,10,2025,110362,P1207040,Mujeres 60 a 64 anos con mamografia vigente (<= 2 anos),13,13128,384,0,23,4,60_64
6,10,2025,110425,P1207030,Mujeres 55 a 59 anos con mamografia vigente (<= 2 anos),13,13603,243,0,0,0,55_59
6,10,2025,110425,P1207040,Mujeres 60 a 64 anos con mamografia vigente (<= 2 anos),13,13603,183,0,0,0,60_64
6,10,2025,110425,P1207050,Mujeres 65 a 69 anos con mamografia vigente (<= 2 anos),13,13603,67,0,0,0,65_69
6,10,2025,110316,P1207050,Mujeres 65 a 69 anos con mamografia vigente (<= 2 anos),13,13117,177,0,7,7,65_69
12,10,2025,110492,P1207040,Mujeres 60 a 64 anos con mamografia vigente (<= 2 anos),13,13505,12,0,0,1,60_64
12,10,2025,110492,P1207050,Mujeres 65 a 69 anos con mamografia vigente (<= 2 anos),13,13505,3,0,0,0,65_69
12,10,2025,201353,P1220030,Mujeres 50 a 54 anos con mamografia vigente (<= 2 anos),13,13124,4,0,1,0,50_54
6,10,2025,110369,P1220030,Mujeres 50 a 54 anos con mamografia vigente (<= 2 anos),13,13605,601,0,17,17,50_54
6,10,2025,110369,P1207030,Mujeres 55 a 59 anos con mamografia vigente (<= 2 anos),13,13605,550,0,24,28,55_59
12,10,2025,110375,P1220030,Mujeres 50 a 54 anos con mamografia vigente (<= 2 anos),13,13603,215,0,2,3,50_54
12,10,2025,110375,P1207030,Mujeres 55 a 59 anos con mamografia vigente (<= 2 anos),13,13603,322,0,2,5,55_59
12,10,2025,110375,P1207040,Mujeres 60 a 64 anos con mamografia vigente (<= 2 anos),13,13603,299,0,3,1,60_64
12,10,2025,110375,P1207050,Mujeres 65 a 69 anos con mamografia vigente (<= 2 anos),13,13603,164,0,2,0,65_69
6,10,2025,110352,P1220030,Mujeres 50 a 54 anos con mamografia vigente (<= 2 anos),13,13124,214,0,3,0,50_54
6,10,2025,110352,P1207030,Mujeres 55 a 59 anos con mamografia vigente (<= 2 anos),13,13124,294,0,1,3,55_59
6,10,2025,110352,P1207040,Mujeres 60 a 64 anos con mamografia vigente (<= 2 anos),13,13124,360,0,0,0,60_64
6,10,2025,110352,P1207050,Mujeres 65 a 69 anos con mamografia vigente (<= 2 anos),13,13124,229,0,0,0,65_69
6,10,2025,110369,P1207040,Mujeres 60 a 64 anos con mamografia vigente (<= 2 anos),13,13605,477,0,10,14,60_64
6,10,2025,110369,P1207050,Mujeres 65 a 69 anos con mamografia vigente (<= 2 anos),13,13605,325,0,6,10,65_69
6,10,2025,110335,P1220030,Mujeres 50 a 54 anos con mamografia vigente (<= 2 anos),13,13103,184,0,21,9,50_54
6,10,2025,110335,P1207030,Mujeres 55 a 59 anos con mamografia vigente (<= 2 anos),13,13103,165,0,22,8,55_59
6,10,2025,110335,P1207040,Mujeres 60 a 64 anos con mamografia vigente (<= 2 anos),13,13103,156,0,9,5,60_64
6,10,2025,110335,P1207050,Mujeres 65 a 69 anos con mamografia vigente (<= 2 anos),13,13103,88,0,6,2,65_69
12,10,2025,110380,P1220030,Mujeres 50 a 54 anos con mamografia vigente (<= 2 anos),13,13501,137,0,4,2,50_54
12,10,2025,110380,P1207030,Mujeres 55 a 59 anos con mamografia vigente (<= 2 anos),13,13501,184,0,2,1,55_59
6,10,2025,200385,P1220030,Mujeres 50 a 54 anos con mamografia vigente (<= 2 anos),13,13603,16,0,0,0,50_54
6,10,2025,110430,P1207040,Mujeres 60 a 64 anos con mamografia vigente (<= 2 anos),13,13603,7,0,0,0,60_64
6,10,2025,110430,P1207050,Mujeres 65 a 69 anos con mamografia vigente (<= 2 anos),13,13603,15,0,0,0,65_69
6,10,2025,110340,P1220030,Mujeres 50 a 54 anos con mamografia vigente (<= 2 anos),13,13117,346,0,20,20,50_54
6,10,2025,110340,P1207030,Mujeres 55 a 59 anos con mamografia vigente (<= 2 anos),13,13117,320,0,24,12,55_59
6,10,2025,110340,P1207040,Mujeres 60 a 64 anos con mamografia vigente (<= 2 anos),13,13117,277,0,13,16,60_64
6,10,2025,110340,P1207050,Mujeres 65 a 69 anos con mamografia vigente (<= 2 anos),13,13117,134,0,6,7,65_69
6,10,2025,110400,P1220030,Mujeres 50 a 54 anos con mamografia vigente (<= 2 anos),13,13601,78,0,0,0,50_54
6,10,2025,110400,P1207030,Mujeres 55 a 59 anos con mamografia vigente (<= 2 anos),13,13601,42,0,0,0,55_59
6,10,2025,110400,P1207040,Mujeres 60 a 64 anos con mamografia vigente (<= 2 anos),13,13601,32,0,0,0,60_64
6,10,2025,110400,P1207050,Mujeres 65 a 69 anos con mamografia vigente (<= 2 anos),13,13601,35,0,0,0,65_69
12,10,2025,201353,P1207030,Mujeres 55 a 59 anos con mamografia vigente (<= 2 anos),13,13124,3,0,0,1,55_59
12,10,2025,201353,P1207040,Mujeres 60 a 64 anos con mamografia vigente (<= 2 anos),13,13124,3,0,0,0,60_64
6,10,2025,110360,P1207040,Mujeres 60 a 64 anos con mamografia vigente (<= 2 anos),13,13128,456,0,11,21,60_64
6,10,2025,110360,P1207050,Mujeres 65 a 69 anos con mamografia vigente (<= 2 anos),13,13128,284,0,5,12,65_69
6,10,2025,110378,P1207050,Mujeres 65 a 69 anos con mamografia vigente (<= 2 anos),13,13501,241,0,0,0,65_69
6,10,2025,110378,P1220030,Mujeres 50 a 54 anos con mamografia vigente (<= 2 anos),13,13501,399,0,4,9,50_54
6,10,2025,110378,P1207030,Mujeres 55 a 59 anos con mamografia vigente (<= 2 anos),13,13501,434,0,4,3,55_59
6,10,2025,110378,P1207040,Mujeres 60 a 64 anos con mamografia vigente (<= 2 anos),13,13501,419,0,4,4,60_64
12,10,2025,110425,P1220030,Mujeres 50 a 54 anos con mamografia vigente (<= 2 anos),13,13603,258,0,14,2,50_54
12,10,2025,110425,P1207030,Mujeres 55 a 59 anos con mamografia vigente (<= 2 anos),13,13603,225,0,2,8,55_59
12,10,2025,110425,P1207040,Mujeres 60 a 64 anos con mamografia vigente (<= 2 anos),13,13603,157,0,6,1,60_64
12,10,2025,110425,P1207050,Mujeres 65 a 69 anos con mamografia vigente (<= 2 anos),13,13603,77,0,4,0,65_69
6,10,2025,110345,P1220030,Mujeres 50 a 54 anos con mamografia vigente (<= 2 anos),13,13117,304,0,8,33,50_54
6,10,2025,110345,P1207030,Mujeres 55 a 59 anos con mamografia vigente (<= 2 anos),13,13117,343,0,20,47,55_59
12,10,2025,110345,P1220030,Mujeres 50 a 54 anos con mamografia vigente (<= 2 anos),13,13117,227,0,15,10,50_54
12,10,2025,110345,P1207030,Mujeres 55 a 59 anos con mamografia vigente (<= 2 anos),13,13117,215,0,11,5,55_59
6,10,2025,110735,P1220030,Mujeres 50 a 54 anos con mamografia vigente (<= 2 anos),13,13103,35,0,2,1,50_54
6,10,2025,110735,P1207030,Mujeres 55 a 59 anos con mamografia vigente (<= 2 anos),13,13103,38,0,2,3,55_59
6,10,2025,110778,P1207050,Mujeres 65 a 69 anos con mamografia vigente (<= 2 anos),13,13501,18,0,1,0,65_69
6,10,2025,110778,P1220030,Mujeres 50 a 54 anos con mamografia vigente (<= 2 anos),13,13501,40,0,1,2,50_54
6,10,2025,110778,P1207030,Mujeres 55 a 59 anos con mamografia vigente (<= 2 anos),13,13501,26,0,1,1,55_59
6,10,2025,110778,P1207040,Mujeres 60 a 64 anos con mamografia vigente (<= 2 anos),13,13501,38,0,0,0,60_64
6,10,2025,110756,P1207040,Mujeres 60 a 64 anos con mamografia vigente (<= 2 anos),13,13124,17,0,0,0,60_64
6,10,2025,110756,P1207050,Mujeres 65 a 69 anos con mamografia vigente (<= 2 anos),13,13124,12,0,0,0,65_69
6,10,2025,110432,P1220030,Mujeres 50 a 54 anos con mamografia vigente (<= 2 anos),13,13603,25,0,0,2,50_54
6,10,2025,110432,P1207030,Mujeres 55 a 59 anos con mamografia vigente (<= 2 anos),13,13603,21,0,1,1,55_59
6,10,2025,110432,P1207040,Mujeres 60 a 64 anos con mamografia vigente (<= 2 anos),13,13603,15,0,0,0,60_64
6,10,2025,110432,P1207050,Mujeres 65 a 69 anos con mamografia vigente (<= 2 anos),13,13603,9,0,0,0,65_69
6,10,2025,110503,P1220030,Mujeres 50 a 54 anos con mamografia vigente (<= 2 anos),13,13502,41,0,0,5,50_54
6,10,2025,110503,P1207030,Mujeres 55 a 59 anos con mamografia vigente (<= 2 anos),13,13502,39,0,0,11,55_59
6,10,2025,110503,P1207040,Mujeres 60 a 64 anos con mamografia vigente (<= 2 anos),13,13502,35,0,0,8,60_64
6,10,2025,110503,P1207050,Mujeres 65 a 69 anos con mamografia vigente (<= 2 anos),13,13502,16,0,0,2,65_69
6,10,2025,110354,P1220030,Mujeres 50 a 54 anos con mamografia vigente (<= 2 anos),13,13124,192,0,2,4,50_54
6,10,2025,110354,P1207030,Mujeres 55 a 59 anos con mamografia vigente (<= 2 anos),13,13124,233,0,2,5,55_59
6,10,2025,110354,P1207040,Mujeres 60 a 64 anos con mamografia vigente (<= 2 anos),13,13124,249,0,2,5,60_64
6,10,2025,110354,P1207050,Mujeres 65 a 69 anos con mamografia vigente (<= 2 anos),13,13124,113,0,2,2,65_69
6,10,2025,110735,P1207040,Mujeres 60 a 64 anos con mamografia vigente (<= 2 anos),13,13103,64,0,2,0,60_64
6,10,2025,110735,P1207050,Mujeres 65 a 69 anos con mamografia vigente (<= 2 anos),13,13103,47,0,1,0,65_69
12,10,2025,110345,P1207040,Mujeres 60 a 64 anos con mamografia vigente (<= 2 anos),13,13117,270,0,14,1,60_64
12,10,2025,110431,P1220030,Mujeres 50 a 54 anos con mamografia vigente (<= 2 anos),13,13603,14,0,0,0,50_54
12,10,2025,110431,P1207030,Mujeres 55 a 59 anos con mamografia vigente (<= 2 anos),13,13603,14,0,0,0,55_59
6,10,2025,110345,P1207040,Mujeres 60 a 64 anos con mamografia vigente (<= 2 anos),13,13117,347,0,9,25,60_64
6,10,2025,110345,P1207050,Mujeres 65 a 69 anos con mamografia vigente (<= 2 anos),13,13117,192,0,7,15,65_69
12,10,2025,110345,P1207050,Mujeres 65 a 69 anos con mamografia vigente (<= 2 anos),13,13117,147,0,6,3,65_69
12,10,2025,110369,P1220030,Mujeres 50 a 54 anos con mamografia vigente (<= 2 anos),13,13605,577,0,14,12,50_54
12,10,2025,110369,P1207030,Mujeres 55 a 59 anos con mamografia vigente (<= 2 anos),13,13605,538,0,18,23,55_59
12,10,2025,110369,P1207040,Mujeres 60 a 64 anos con mamografia vigente (<= 2 anos),13,13605,458,0,11,18,60_64
12,10,2025,110369,P1207050,Mujeres 65 a 69 anos con mamografia vigente (<= 2 anos),13,13605,330,0,9,10,65_69
12,10,2025,110340,P1220030,Mujeres 50 a 54 anos con mamografia vigente (<= 2 anos),13,13117,430,0,25,23,50_54
12,10,2025,110340,P1207030,Mujeres 55 a 59 anos con mamografia vigente (<= 2 anos),13,13117,407,0,24,18,55_59
12,10,2025,110340,P1207040,Mujeres 60 a 64 anos con mamografia vigente (<= 2 anos),13,13117,369,0,16,14,60_64
12,10,2025,110340,P1207050,Mujeres 65 a 69 anos con mamografia vigente (<= 2 anos),13,13117,179,0,9,9,65_69
12,10,2025,110379,P1220030,Mujeres 50 a 54 anos con mamografia vigente (<= 2 anos),13,13501,642,0,4,10,50_54
12,10,2025,110379,P1207030,Mujeres 55 a 59 anos con mamografia vigente (<= 2 anos),13,13501,680,0,2,6,55_59
12,10,2025,110379,P1207040,Mujeres 60 a 64 anos con mamografia vigente (<= 2 anos),13,13501,517,0,3,1,60_64
12,10,2025,110379,P1207050,Mujeres 65 a 69 anos con mamografia vigente (<= 2 anos),13,13501,273,0,0,2,65_69
12,10,2025,110381,P1220030,Mujeres 50 a 54 anos con mamografia vigente (<= 2 anos),13,13501,126,0,0,0,50_54
12,10,2025,110381,P1207030,Mujeres 55 a 59 anos con mamografia vigente (<= 2 anos),13,13501,111,0,0,1,55_59
6,10,2025,110470,P1207040,Mujeres 60 a 64 anos con mamografia vigente (<= 2 anos),13,13504,17,0,0,0,60_64
6,10,2025,110470,P1207050,Mujeres 65 a 69 anos con mamografia vigente (<= 2 anos),13,13504,16,0,0,0,65_69
6,10,2025,110475,P1220030,Mujeres 50 a 54 anos con mamografia vigente (<= 2 anos),13,13504,30,0,0,0,50_54
6,10,2025,110475,P1207030,Mujeres 55 a 59 anos con mamografia vigente (<= 2 anos),13,13504,38,0,0,0,55_59
6,10,2025,110475,P1207040,Mujeres 60 a 64 anos con mamografia vigente (<= 2 anos),13,13504,28,0,0,0,60_64
6,10,2025,110475,P1207050,Mujeres 65 a 69 anos con mamografia vigente (<= 2 anos),13,13504,12,0,0,0,65_69
12,10,2025,110431,P1207040,Mujeres 60 a 64 anos con mamografia vigente (<= 2 anos),13,13603,9,0,0,0,60_64
12,10,2025,110431,P1207050,Mujeres 65 a 69 anos con mamografia vigente (<= 2 anos),13,13603,8,0,0,0,65_69
6,10,2025,110510,P1220030,Mujeres 50 a 54 anos con mamografia vigente (<= 2 anos),13,13502,13,0,0,0,50_54
6,10,2025,110510,P1207030,Mujeres 55 a 59 anos con mamografia vigente (<= 2 anos),13,13502,20,0,0,0,55_59
6,10,2025,110510,P1207040,Mujeres 60 a 64 anos con mamografia vigente (<= 2 anos),13,13502,11,0,0,0,60_64
6,10,2025,110510,P1207050,Mujeres 65 a 69 anos con mamografia vigente (<= 2 anos),13,13502,6,0,0,0,65_69
6,10,2025,110470,P1220030,Mujeres 50 a 54 anos con mamografia vigente (<= 2 anos),13,13504,9,0,0,0,50_54
6,10,2025,110470,P1207030,Mujeres 55 a 59 anos con mamografia vigente (<= 2 anos),13,13504,12,0,0,0,55_59
6,10,2025,110750,P1220030,Mujeres 50 a 54 anos con mamografia vigente (<= 2 anos),13,13124,15,0,0,0,50_54
6,10,2025,110750,P1207030,Mujeres 55 a 59 anos con mamografia vigente (<= 2 anos),13,13124,33,0,0,0,55_59
6,10,2025,110750,P1207040,Mujeres 60 a 64 anos con mamografia vigente (<= 2 anos),13,13124,29,0,0,0,60_64
6,10,2025,110370,P1220030,Mujeres 50 a 54 anos con mamografia vigente (<= 2 anos),13,13602,366,0,10,12,50_54
6,10,2025,110370,P1207030,Mujeres 55 a 59 anos con mamografia vigente (<= 2 anos),13,13602,358,0,7,4,55_59
6,10,2025,110370,P1207040,Mujeres 60 a 64 anos con mamografia vigente (<= 2 anos),13,13602,315,0,8,4,60_64
6,10,2025,110370,P1207050,Mujeres 65 a 69 anos con mamografia vigente (<= 2 anos),13,13602,163,0,1,4,65_69
6,10,2025,110783,P1220030,Mujeres 50 a 54 anos con mamografia vigente (<= 2 anos),13,13501,21,0,0,0,50_54
6,10,2025,110783,P1207030,Mujeres 55 a 59 anos con mamografia vigente (<= 2 anos),13,13501,21,0,0,1,55_59
12,10,2025,110381,P1207040,Mujeres 60 a 64 anos con mamografia vigente (<= 2 anos),13,13501,127,0,1,0,60_64
12,10,2025,110381,P1207050,Mujeres 65 a 69 anos con mamografia vigente (<= 2 anos),13,13501,58,0,0,1,65_69
12,10,2025,110778,P1220030,Mujeres 50 a 54 anos con mamografia vigente (<= 2 anos),13,13501,63,0,0,0,50_54
12,10,2025,110778,P1207030,Mujeres 55 a 59 anos con mamografia vigente (<= 2 anos),13,13501,61,0,1,1,55_59
12,10,2025,110778,P1207040,Mujeres 60 a 64 anos con mamografia vigente (<= 2 anos),13,13501,68,0,0,0,60_64
12,10,2025,110778,P1207050,Mujeres 65 a 69 anos con mamografia vigente (<= 2 anos),13,13501,40,0,1,1,65_69
6,10,2025,110783,P1207040,Mujeres 60 a 64 anos con mamografia vigente (<= 2 anos),13,13501,27,0,0,0,60_64
6,10,2025,110783,P1207050,Mujeres 65 a 69 anos con mamografia vigente (<= 2 anos),13,13501,13,0,0,0,65_69
12,10,2025,110495,P1220030,Mujeres 50 a 54 anos con mamografia vigente (<= 2 anos),13,13505,14,0,0,1,50_54
12,10,2025,110495,P1207030,Mujeres 55 a 59 anos con mamografia vigente (<= 2 anos),13,13505,8,0,0,0,55_59
12,10,2025,110485,P1220030,Mujeres 50 a 54 anos con mamografia vigente (<= 2 anos),13,13505,14,0,0,1,50_54
12,10,2025,110485,P1207030,Mujeres 55 a 59 anos con mamografia vigente (<= 2 anos),13,13505,8,0,0,0,55_59
12,10,2025,110485,P1207040,Mujeres 60 a 64 anos con mamografia vigente (<= 2 anos),13,13505,6,0,0,0,60_64
6,10,2025,110387,P1220030,Mujeres 50 a 54 anos con mamografia vigente (<= 2 anos),13,13505,128,0,0,11,50_54
6,10,2025,110387,P1207030,Mujeres 55 a 59 anos con mamografia vigente (<= 2 anos),13,13505,116,0,0,4,55_59
6,10,2025,110387,P1207040,Mujeres 60 a 64 anos con mamografia vigente (<= 2 anos),13,13505,81,0,0,4,60_64
12,10,2025,110735,P1207050,Mujeres 65 a 69 anos con mamografia vigente (<= 2 anos),13,13103,44,0,4,1,65_69
12,10,2025,110735,P1220030,Mujeres 50 a 54 anos con mamografia vigente (<= 2 anos),13,13103,41,0,2,1,50_54
12,10,2025,110735,P1207030,Mujeres 55 a 59 anos con mamografia vigente (<= 2 anos),13,13103,28,0,1,1,55_59
12,10,2025,110735,P1207040,Mujeres 60 a 64 anos con mamografia vigente (<= 2 anos),13,13103,54,0,4,2,60_64
12,10,2025,110495,P1207040,Mujeres 60 a 64 anos con mamografia vigente (<= 2 anos),13,13505,6,0,0,0,60_64
12,10,2025,110495,P1207050,Mujeres 65 a 69 anos con mamografia vigente (<= 2 anos),13,13505,2,0,0,0,65_69
12,10,2025,110775,P1207040,Mujeres 60 a 64 anos con mamografia vigente (<= 2 anos),13,13603,13,0,1,0,60_64
12,10,2025,110775,P1207050,Mujeres 65 a 69 anos con mamografia vigente (<= 2 anos),13,13603,3,0,0,0,65_69
12,10,2025,110775,P1220030,Mujeres 50 a 54 anos con mamografia vigente (<= 2 anos),13,13603,12,0,0,0,50_54
12,10,2025,110775,P1207030,Mujeres 55 a 59 anos con mamografia vigente (<= 2 anos),13,13603,14,0,1,0,55_59
12,10,2025,110503,P1207040,Mujeres 60 a 64 anos con mamografia vigente (<= 2 anos),13,13502,39,0,0,8,60_64
12,10,2025,110503,P1207050,Mujeres 65 a 69 anos con mamografia vigente (<= 2 anos),13,13502,16,0,0,2,65_69
12,10,2025,110503,P1220030,Mujeres 50 a 54 anos con mamografia vigente (<= 2 anos),13,13502,51,0,0,5,50_54
12,10,2025,110503,P1207030,Mujeres 55 a 59 anos con mamografia vigente (<= 2 anos),13,13502,45,0,0,11,55_59
12,10,2025,110387,P1220030,Mujeres 50 a 54 anos con mamografia vigente (<= 2 anos),13,13505,150,0,0,12,50_54
12,10,2025,110387,P1207030,Mujeres 55 a 59 anos con mamografia vigente (<= 2 anos),13,13505,143,0,0,8,55_59
12,10,2025,110387,P1207040,Mujeres 60 a 64 anos con mamografia vigente (<= 2 anos),13,13505,107,0,0,3,60_64
12,10,2025,110390,P1220030,Mujeres 50 a 54 anos con mamografia vigente (<= 2 anos),13,13601,1502,0,7,40,50_54
12,10,2025,110390,P1207030,Mujeres 55 a 59 anos con mamografia vigente (<= 2 anos),13,13601,1674,0,15,35,55_59
12,10,2025,110485,P1207050,Mujeres 65 a 69 anos con mamografia vigente (<= 2 anos),13,13505,2,0,0,0,65_69
12,10,2025,110390,P1207040,Mujeres 60 a 64 anos con mamografia vigente (<= 2 anos),13,13601,1559,0,5,16,60_64
12,10,2025,110390,P1207050,Mujeres 65 a 69 anos con mamografia vigente (<= 2 anos),13,13601,1276,0,0,15,65_69
6,10,2025,110361,P1220030,Mujeres 50 a 54 anos con mamografia vigente (<= 2 anos),13,13128,654,0,0,0,50_54
6,10,2025,110361,P1207030,Mujeres 55 a 59 anos con mamografia vigente (<= 2 anos),13,13128,593,0,0,0,55_59
6,10,2025,110361,P1207040,Mujeres 60 a 64 anos con mamografia vigente (<= 2 anos),13,13128,491,0,0,0,60_64
6,10,2025,110361,P1207050,Mujeres 65 a 69 anos con mamografia vigente (<= 2 anos),13,13128,170,0,0,0,65_69
6,10,2025,110330,P1220030,Mujeres 50 a 54 anos con mamografia vigente (<= 2 anos),13,13103,320,0,30,34,50_54
6,10,2025,110330,P1207030,Mujeres 55 a 59 anos con mamografia vigente (<= 2 anos),13,13103,290,0,38,12,55_59
6,10,2025,110330,P1207040,Mujeres 60 a 64 anos con mamografia vigente (<= 2 anos),13,13103,274,0,28,9,60_64
6,10,2025,110330,P1207050,Mujeres 65 a 69 anos con mamografia vigente (<= 2 anos),13,13103,127,0,16,10,65_69
12,10,2025,110360,P1220030,Mujeres 50 a 54 anos con mamografia vigente (<= 2 anos),13,13128,954,0,0,80,50_54
12,10,2025,110360,P1207030,Mujeres 55 a 59 anos con mamografia vigente (<= 2 anos),13,13128,883,0,0,59,55_59
12,10,2025,110360,P1207040,Mujeres 60 a 64 anos con mamografia vigente (<= 2 anos),13,13128,925,0,0,40,60_64
12,10,2025,110360,P1207050,Mujeres 65 a 69 anos con mamografia vigente (<= 2 anos),13,13128,490,0,0,16,65_69
12,10,2025,110354,P1220030,Mujeres 50 a 54 anos con mamografia vigente (<= 2 anos),13,13124,202,0,8,6,50_54
12,10,2025,110354,P1207030,Mujeres 55 a 59 anos con mamografia vigente (<= 2 anos),13,13124,393,0,6,6,55_59
12,10,2025,110354,P1207040,Mujeres 60 a 64 anos con mamografia vigente (<= 2 anos),13,13124,399,0,9,7,60_64
6,10,2025,110325,P1220030,Mujeres 50 a 54 anos con mamografia vigente (<= 2 anos),13,13126,361,0,0,36,50_54
6,10,2025,110325,P1207030,Mujeres 55 a 59 anos con mamografia vigente (<= 2 anos),13,13126,394,0,0,30,55_59
6,10,2025,110325,P1207040,Mujeres 60 a 64 anos con mamografia vigente (<= 2 anos),13,13126,335,0,0,18,60_64
6,10,2025,110325,P1207050,Mujeres 65 a 69 anos con mamografia vigente (<= 2 anos),13,13126,180,0,0,5,65_69
12,10,2025,110320,P1207050,Mujeres 65 a 69 anos con mamografia vigente (<= 2 anos),13,13126,92,0,1,1,65_69
12,10,2025,110320,P1220030,Mujeres 50 a 54 anos con mamografia vigente (<= 2 anos),13,13126,298,0,5,4,50_54
12,10,2025,110320,P1207030,Mujeres 55 a 59 anos con mamografia vigente (<= 2 anos),13,13126,365,0,4,6,55_59
12,10,2025,110320,P1207040,Mujeres 60 a 64 anos con mamografia vigente (<= 2 anos),13,13126,182,0,5,4,60_64
6,10,2025,110495,P1220030,Mujeres 50 a 54 anos con mamografia vigente (<= 2 anos),13,13505,12,0,0,1,50_54
6,10,2025,110495,P1207030,Mujeres 55 a 59 anos con mamografia vigente (<= 2 anos),13,13505,11,0,0,0,55_59
6,10,2025,110495,P1207040,Mujeres 60 a 64 anos con mamografia vigente (<= 2 anos),13,13505,8,0,0,0,60_64
12,10,2025,110354,P1207050,Mujeres 65 a 69 anos con mamografia vigente (<= 2 anos),13,13124,173,0,8,4,65_69
6,10,2025,110495,P1207050,Mujeres 65 a 69 anos con mamografia vigente (<= 2 anos),13,13505,2,0,0,0,65_69
6,10,2025,110331,P1220030,Mujeres 50 a 54 anos con mamografia vigente (<= 2 anos),13,13103,120,0,11,16,50_54
6,10,2025,110331,P1207030,Mujeres 55 a 59 anos con mamografia vigente (<= 2 anos),13,13103,85,0,9,9,55_59
6,10,2025,110490,P1220030,Mujeres 50 a 54 anos con mamografia vigente (<= 2 anos),13,13505,8,0,0,0,50_54
6,10,2025,110490,P1207030,Mujeres 55 a 59 anos con mamografia vigente (<= 2 anos),13,13505,11,0,0,0,55_59
6,10,2025,110490,P1207040,Mujeres 60 a 64 anos con mamografia vigente (<= 2 anos),13,13505,3,0,0,0,60_64
6,10,2025,110490,P1207050,Mujeres 65 a 69 anos con mamografia vigente (<= 2 anos),13,13505,6,0,0,0,65_69
6,11,2025,111370,P1207050,Mujeres 65 a 69 anos con mamografia vigente (<= 2 anos),13,13101,149,0,4,67,65_69
6,11,2025,111704,P1220030,Mujeres 50 a 54 anos con mamografia vigente (<= 2 anos),13,13119,11,0,1,0,50_54
6,11,2025,111704,P1207030,Mujeres 55 a 59 anos con mamografia vigente (<= 2 anos),13,13119,10,0,1,1,55_59
6,11,2025,111704,P1207040,Mujeres 60 a 64 anos con mamografia vigente (<= 2 anos),13,13119,8,0,0,0,60_64
6,11,2025,111704,P1207050,Mujeres 65 a 69 anos con mamografia vigente (<= 2 anos),13,13119,4,0,0,0,65_69
6,11,2025,111781,P1220030,Mujeres 50 a 54 anos con mamografia vigente (<= 2 anos),13,13106,26,0,0,1,50_54
6,11,2025,200643,P1207030,Mujeres 55 a 59 anos con mamografia vigente (<= 2 anos),13,13119,23,0,2,0,55_59
6,11,2025,200643,P1207040,Mujeres 60 a 64 anos con mamografia vigente (<= 2 anos),13,13119,18,0,0,1,60_64
6,11,2025,200643,P1207050,Mujeres 65 a 69 anos con mamografia vigente (<= 2 anos),13,13119,8,0,1,0,65_69
6,11,2025,200346,P1220030,Mujeres 50 a 54 anos con mamografia vigente (<= 2 anos),13,13102,41,0,0,0,50_54
12,11,2025,111308,P1220030,Mujeres 50 a 54 anos con mamografia vigente (<= 2 anos),13,13119,303,0,13,6,50_54
6,11,2025,200346,P1207030,Mujeres 55 a 59 anos con mamografia vigente (<= 2 anos),13,13102,44,0,0,0,55_59
6,11,2025,200346,P1207040,Mujeres 60 a 64 anos con mamografia vigente (<= 2 anos),13,13102,24,0,0,0,60_64
6,11,2025,200346,P1207050,Mujeres 65 a 69 anos con mamografia vigente (<= 2 anos),13,13102,12,0,0,0,65_69
12,11,2025,111308,P1207030,Mujeres 55 a 59 anos con mamografia vigente (<= 2 anos),13,13119,358,0,16,6,55_59
12,11,2025,111308,P1207040,Mujeres 60 a 64 anos con mamografia vigente (<= 2 anos),13,13119,409,0,26,5,60_64
12,11,2025,111308,P1207050,Mujeres 65 a 69 anos con mamografia vigente (<= 2 anos),13,13119,234,0,9,3,65_69
6,11,2025,111370,P1220030,Mujeres 50 a 54 anos con mamografia vigente (<= 2 anos),13,13101,319,0,12,193,50_54
6,11,2025,111370,P1207030,Mujeres 55 a 59 anos con mamografia vigente (<= 2 anos),13,13101,284,0,3,161,55_59
6,11,2025,111370,P1207040,Mujeres 60 a 64 anos con mamografia vigente (<= 2 anos),13,13101,289,0,7,142,60_64
6,11,2025,111306,P1207030,Mujeres 55 a 59 anos con mamografia vigente (<= 2 anos),13,13106,303,0,5,17,55_59
6,11,2025,111306,P1207040,Mujeres 60 a 64 anos con mamografia vigente (<= 2 anos),13,13106,271,0,3,16,60_64
6,11,2025,111306,P1207050,Mujeres 65 a 69 anos con mamografia vigente (<= 2 anos),13,13106,106,0,0,5,65_69
6,11,2025,111306,P1220030,Mujeres 50 a 54 anos con mamografia vigente (<= 2 anos),13,13106,248,0,5,25,50_54
6,11,2025,111379,P1220030,Mujeres 50 a 54 anos con mamografia vigente (<= 2 anos),13,13119,55,0,0,2,50_54
6,11,2025,111379,P1207030,Mujeres 55 a 59 anos con mamografia vigente (<= 2 anos),13,13119,35,0,0,1,55_59
6,11,2025,111379,P1207040,Mujeres 60 a 64 anos con mamografia vigente (<= 2 anos),13,13119,73,0,3,1,60_64
6,11,2025,111379,P1207050,Mujeres 65 a 69 anos con mamografia vigente (<= 2 anos),13,13119,38,0,3,0,65_69
12,11,2025,111381,P1220030,Mujeres 50 a 54 anos con mamografia vigente (<= 2 anos),13,13101,830,0,48,476,50_54
12,11,2025,111381,P1207030,Mujeres 55 a 59 anos con mamografia vigente (<= 2 anos),13,13101,668,0,45,360,55_59
12,11,2025,111381,P1207040,Mujeres 60 a 64 anos con mamografia vigente (<= 2 anos),13,13101,695,0,34,295,60_64
12,11,2025,111381,P1207050,Mujeres 65 a 69 anos con mamografia vigente (<= 2 anos),13,13101,354,0,19,113,65_69
6,11,2025,111300,P1220030,Mujeres 50 a 54 anos con mamografia vigente (<= 2 anos),13,13101,500,0,6,249,50_54
6,11,2025,111300,P1207030,Mujeres 55 a 59 anos con mamografia vigente (<= 2 anos),13,13101,448,0,0,202,55_59
6,11,2025,111300,P1207040,Mujeres 60 a 64 anos con mamografia vigente (<= 2 anos),13,13101,419,0,0,184,60_64
6,11,2025,111300,P1207050,Mujeres 65 a 69 anos con mamografia vigente (<= 2 anos),13,13101,245,0,0,87,65_69
12,11,2025,111383,P1220030,Mujeres 50 a 54 anos con mamografia vigente (<= 2 anos),13,13119,186,0,8,9,50_54
12,11,2025,111383,P1207030,Mujeres 55 a 59 anos con mamografia vigente (<= 2 anos),13,13119,294,0,17,11,55_59
12,11,2025,111383,P1207040,Mujeres 60 a 64 anos con mamografia vigente (<= 2 anos),13,13119,337,0,16,13,60_64
12,11,2025,111383,P1207050,Mujeres 65 a 69 anos con mamografia vigente (<= 2 anos),13,13119,206,0,12,8,65_69
12,11,2025,111781,P1220030,Mujeres 50 a 54 anos con mamografia vigente (<= 2 anos),13,13106,18,0,1,1,50_54
12,11,2025,111781,P1207030,Mujeres 55 a 59 anos con mamografia vigente (<= 2 anos),13,13106,19,0,0,0,55_59
12,11,2025,111781,P1207040,Mujeres 60 a 64 anos con mamografia vigente (<= 2 anos),13,13106,11,0,0,0,60_64
12,11,2025,111781,P1207050,Mujeres 65 a 69 anos con mamografia vigente (<= 2 anos),13,13106,3,0,0,0,65_69
6,11,2025,111305,P1220030,Mujeres 50 a 54 anos con mamografia vigente (<= 2 anos),13,13102,632,0,3,9,50_54
12,11,2025,111307,P1220030,Mujeres 50 a 54 anos con mamografia vigente (<= 2 anos),13,13102,195,0,15,7,50_54
12,11,2025,111307,P1207030,Mujeres 55 a 59 anos con mamografia vigente (<= 2 anos),13,13102,184,0,10,9,55_59
12,11,2025,111307,P1207040,Mujeres 60 a 64 anos con mamografia vigente (<= 2 anos),13,13102,192,0,6,5,60_64
12,11,2025,111307,P1207050,Mujeres 65 a 69 anos con mamografia vigente (<= 2 anos),13,13102,140,0,11,1,65_69
6,11,2025,111383,P1220030,Mujeres 50 a 54 anos con mamografia vigente (<= 2 anos),13,13119,157,0,5,6,50_54
6,11,2025,111383,P1207030,Mujeres 55 a 59 anos con mamografia vigente (<= 2 anos),13,13119,255,2,10,11,55_59
12,11,2025,111301,P1220030,Mujeres 50 a 54 anos con mamografia vigente (<= 2 anos),13,13101,104,0,0,14,50_54
12,11,2025,111301,P1207030,Mujeres 55 a 59 anos con mamografia vigente (<= 2 anos),13,13101,132,0,0,17,55_59
12,11,2025,111301,P1207040,Mujeres 60 a 64 anos con mamografia vigente (<= 2 anos),13,13101,87,0,0,12,60_64
12,11,2025,111301,P1207050,Mujeres 65 a 69 anos con mamografia vigente (<= 2 anos),13,13101,80,0,0,3,65_69
12,11,2025,111784,P1220030,Mujeres 50 a 54 anos con mamografia vigente (<= 2 anos),13,13119,45,0,1,2,50_54
12,11,2025,111784,P1207030,Mujeres 55 a 59 anos con mamografia vigente (<= 2 anos),13,13119,34,0,1,4,55_59
12,11,2025,111784,P1207040,Mujeres 60 a 64 anos con mamografia vigente (<= 2 anos),13,13119,50,0,3,1,60_64
12,11,2025,111784,P1207050,Mujeres 65 a 69 anos con mamografia vigente (<= 2 anos),13,13119,19,0,1,1,65_69
6,11,2025,111302,P1220030,Mujeres 50 a 54 anos con mamografia vigente (<= 2 anos),13,13106,126,0,2,19,50_54
6,11,2025,111302,P1207030,Mujeres 55 a 59 anos con mamografia vigente (<= 2 anos),13,13106,171,0,4,22,55_59
6,11,2025,111302,P1207040,Mujeres 60 a 64 anos con mamografia vigente (<= 2 anos),13,13106,198,0,4,27,60_64
6,11,2025,111302,P1207050,Mujeres 65 a 69 anos con mamografia vigente (<= 2 anos),13,13106,136,0,2,17,65_69
12,11,2025,111382,P1220030,Mujeres 50 a 54 anos con mamografia vigente (<= 2 anos),13,13119,352,0,2,11,50_54
12,11,2025,111378,P1220030,Mujeres 50 a 54 anos con mamografia vigente (<= 2 anos),13,13119,392,0,11,14,50_54
12,11,2025,111378,P1207030,Mujeres 55 a 59 anos con mamografia vigente (<= 2 anos),13,13119,399,0,16,14,55_59
12,11,2025,111378,P1207040,Mujeres 60 a 64 anos con mamografia vigente (<= 2 anos),13,13119,401,0,18,6,60_64
12,11,2025,111378,P1207050,Mujeres 65 a 69 anos con mamografia vigente (<= 2 anos),13,13119,221,0,7,11,65_69
6,11,2025,111304,P1207040,Mujeres 60 a 64 anos con mamografia vigente (<= 2 anos),13,13119,453,0,9,3,60_64
6,11,2025,111304,P1207050,Mujeres 65 a 69 anos con mamografia vigente (<= 2 anos),13,13119,324,0,0,0,65_69
12,11,2025,111783,P1220030,Mujeres 50 a 54 anos con mamografia vigente (<= 2 anos),13,13119,30,0,0,1,50_54
12,11,2025,200643,P1207040,Mujeres 60 a 64 anos con mamografia vigente (<= 2 anos),13,13119,24,0,1,0,60_64
12,11,2025,200643,P1207050,Mujeres 65 a 69 anos con mamografia vigente (<= 2 anos),13,13119,11,0,1,2,65_69
12,11,2025,111783,P1207030,Mujeres 55 a 59 anos con mamografia vigente (<= 2 anos),13,13119,32,0,1,5,55_59
12,11,2025,111783,P1207040,Mujeres 60 a 64 anos con mamografia vigente (<= 2 anos),13,13119,90,0,3,2,60_64
12,11,2025,111783,P1207050,Mujeres 65 a 69 anos con mamografia vigente (<= 2 anos),13,13119,71,0,0,1,65_69
12,11,2025,111382,P1207050,Mujeres 65 a 69 anos con mamografia vigente (<= 2 anos),13,13119,338,0,5,3,65_69
6,12,2025,112301,P1220030,Mujeres 50 a 54 anos con mamografia vigente (<= 2 anos),13,13123,277,0,3,76,50_54
6,12,2025,112301,P1207030,Mujeres 55 a 59 anos con mamografia vigente (<= 2 anos),13,13123,240,0,5,49,55_59
6,12,2025,112301,P1207040,Mujeres 60 a 64 anos con mamografia vigente (<= 2 anos),13,13123,285,0,4,34,60_64
6,12,2025,112301,P1207050,Mujeres 65 a 69 anos con mamografia vigente (<= 2 anos),13,13123,226,0,2,24,65_69
12,12,2025,112322,P1220030,Mujeres 50 a 54 anos con mamografia vigente (<= 2 anos),13,13122,397,0,17,40,50_54
12,12,2025,112322,P1207030,Mujeres 55 a 59 anos con mamografia vigente (<= 2 anos),13,13122,268,0,10,17,55_59
6,12,2025,112319,P1220030,Mujeres 50 a 54 anos con mamografia vigente (<= 2 anos),13,13118,266,0,0,0,50_54
6,12,2025,112319,P1207030,Mujeres 55 a 59 anos con mamografia vigente (<= 2 anos),13,13118,286,0,0,0,55_59
12,12,2025,112312,P1220030,Mujeres 50 a 54 anos con mamografia vigente (<= 2 anos),13,13118,579,0,4,6,50_54
12,12,2025,112322,P1207040,Mujeres 60 a 64 anos con mamografia vigente (<= 2 anos),13,13122,165,0,5,15,60_64
12,12,2025,112322,P1207050,Mujeres 65 a 69 anos con mamografia vigente (<= 2 anos),13,13122,94,0,5,1,65_69
6,12,2025,112319,P1207040,Mujeres 60 a 64 anos con mamografia vigente (<= 2 anos),13,13118,363,0,0,0,60_64
6,12,2025,112319,P1207050,Mujeres 65 a 69 anos con mamografia vigente (<= 2 anos),13,13118,242,0,0,0,65_69
6,12,2025,112311,P1207050,Mujeres 65 a 69 anos con mamografia vigente (<= 2 anos),13,13120,261,0,0,2,65_69
12,12,2025,112312,P1207030,Mujeres 55 a 59 anos con mamografia vigente (<= 2 anos),13,13118,541,0,1,5,55_59
12,12,2025,112312,P1207040,Mujeres 60 a 64 anos con mamografia vigente (<= 2 anos),13,13118,610,0,2,6,60_64
12,12,2025,112312,P1207050,Mujeres 65 a 69 anos con mamografia vigente (<= 2 anos),13,13118,609,0,1,2,65_69
12,12,2025,112320,P1220030,Mujeres 50 a 54 anos con mamografia vigente (<= 2 anos),13,13113,170,0,7,4,50_54
12,12,2025,112320,P1207030,Mujeres 55 a 59 anos con mamografia vigente (<= 2 anos),13,13113,140,0,9,1,55_59
12,12,2025,112320,P1207040,Mujeres 60 a 64 anos con mamografia vigente (<= 2 anos),13,13113,122,0,5,0,60_64
12,12,2025,112317,P1207050,Mujeres 65 a 69 anos con mamografia vigente (<= 2 anos),13,13113,446,0,11,0,65_69
12,12,2025,112314,P1220030,Mujeres 50 a 54 anos con mamografia vigente (<= 2 anos),13,13122,237,0,1,2,50_54
12,12,2025,112314,P1207030,Mujeres 55 a 59 anos con mamografia vigente (<= 2 anos),13,13122,147,0,3,2,55_59
12,12,2025,112314,P1207040,Mujeres 60 a 64 anos con mamografia vigente (<= 2 anos),13,13122,121,0,1,3,60_64
12,12,2025,112314,P1207050,Mujeres 65 a 69 anos con mamografia vigente (<= 2 anos),13,13122,48,0,0,3,65_69
6,12,2025,112306,P1220030,Mujeres 50 a 54 anos con mamografia vigente (<= 2 anos),13,13114,593,1,14,202,50_54
6,12,2025,112306,P1207030,Mujeres 55 a 59 anos con mamografia vigente (<= 2 anos),13,13114,633,0,17,165,55_59
6,12,2025,112306,P1207040,Mujeres 60 a 64 anos con mamografia vigente (<= 2 anos),13,13114,693,0,26,131,60_64
6,12,2025,112306,P1207050,Mujeres 65 a 69 anos con mamografia vigente (<= 2 anos),13,13114,425,0,7,75,65_69
6,12,2025,112310,P1207040,Mujeres 60 a 64 anos con mamografia vigente (<= 2 anos),13,13120,46,0,0,3,60_64
6,12,2025,112310,P1207050,Mujeres 65 a 69 anos con mamografia vigente (<= 2 anos),13,13120,46,0,2,0,65_69
6,12,2025,112310,P1220030,Mujeres 50 a 54 anos con mamografia vigente (<= 2 anos),13,13120,44,0,0,2,50_54
6,12,2025,112310,P1207030,Mujeres 55 a 59 anos con mamografia vigente (<= 2 anos),13,13120,41,0,0,0,55_59
6,12,2025,112311,P1220030,Mujeres 50 a 54 anos con mamografia vigente (<= 2 anos),13,13120,292,0,0,1,50_54
6,12,2025,112311,P1207030,Mujeres 55 a 59 anos con mamografia vigente (<= 2 anos),13,13120,291,0,0,0,55_59
6,12,2025,112311,P1207040,Mujeres 60 a 64 anos con mamografia vigente (<= 2 anos),13,13120,330,0,0,2,60_64
12,12,2025,112306,P1220030,Mujeres 50 a 54 anos con mamografia vigente (<= 2 anos),13,13114,719,0,16,242,50_54
12,12,2025,112306,P1207030,Mujeres 55 a 59 anos con mamografia vigente (<= 2 anos),13,13114,766,0,17,179,55_59
12,12,2025,112306,P1207040,Mujeres 60 a 64 anos con mamografia vigente (<= 2 anos),13,13114,874,0,27,150,60_64
12,12,2025,112306,P1207050,Mujeres 65 a 69 anos con mamografia vigente (<= 2 anos),13,13114,495,0,8,74,65_69
12,12,2025,112307,P1220030,Mujeres 50 a 54 anos con mamografia vigente (<= 2 anos),13,13115,864,0,38,191,50_54
12,12,2025,112307,P1207030,Mujeres 55 a 59 anos con mamografia vigente (<= 2 anos),13,13115,902,0,28,140,55_59
12,12,2025,112307,P1207040,Mujeres 60 a 64 anos con mamografia vigente (<= 2 anos),13,13115,782,0,36,166,60_64
12,12,2025,112307,P1207050,Mujeres 65 a 69 anos con mamografia vigente (<= 2 anos),13,13115,420,0,9,65,65_69
6,12,2025,112314,P1207040,Mujeres 60 a 64 anos con mamografia vigente (<= 2 anos),13,13122,305,0,0,0,60_64
6,12,2025,112314,P1207050,Mujeres 65 a 69 anos con mamografia vigente (<= 2 anos),13,13122,143,0,0,0,65_69
6,12,2025,112302,P1220030,Mujeres 50 a 54 anos con mamografia vigente (<= 2 anos),13,13123,264,1,5,62,50_54
6,12,2025,112302,P1207030,Mujeres 55 a 59 anos con mamografia vigente (<= 2 anos),13,13123,45,1,7,45,55_59
6,12,2025,112302,P1207040,Mujeres 60 a 64 anos con mamografia vigente (<= 2 anos),13,13123,234,1,4,28,60_64
6,12,2025,112302,P1207050,Mujeres 65 a 69 anos con mamografia vigente (<= 2 anos),13,13123,200,2,1,31,65_69
6,12,2025,112314,P1220030,Mujeres 50 a 54 anos con mamografia vigente (<= 2 anos),13,13122,422,0,0,0,50_54
6,12,2025,112314,P1207030,Mujeres 55 a 59 anos con mamografia vigente (<= 2 anos),13,13122,369,0,0,0,55_59
6,12,2025,112318,P1220030,Mujeres 50 a 54 anos con mamografia vigente (<= 2 anos),13,13122,245,0,3,12,50_54
6,12,2025,112317,P1220030,Mujeres 50 a 54 anos con mamografia vigente (<= 2 anos),13,13113,426,0,17,112,50_54
6,12,2025,112317,P1207030,Mujeres 55 a 59 anos con mamografia vigente (<= 2 anos),13,13113,422,0,23,100,55_59
6,12,2025,112318,P1207030,Mujeres 55 a 59 anos con mamografia vigente (<= 2 anos),13,13122,224,0,2,9,55_59
6,12,2025,112318,P1207040,Mujeres 60 a 64 anos con mamografia vigente (<= 2 anos),13,13122,198,0,1,2,60_64
6,12,2025,112318,P1207050,Mujeres 65 a 69 anos con mamografia vigente (<= 2 anos),13,13122,131,0,1,1,65_69
6,12,2025,201112,P1220030,Mujeres 50 a 54 anos con mamografia vigente (<= 2 anos),13,13122,276,0,0,0,50_54
6,12,2025,201112,P1207030,Mujeres 55 a 59 anos con mamografia vigente (<= 2 anos),13,13122,218,0,0,0,55_59
6,12,2025,201112,P1207040,Mujeres 60 a 64 anos con mamografia vigente (<= 2 anos),13,13122,137,0,0,0,60_64
6,12,2025,201112,P1207050,Mujeres 65 a 69 anos con mamografia vigente (<= 2 anos),13,13122,142,0,0,0,65_69
6,12,2025,112303,P1220030,Mujeres 50 a 54 anos con mamografia vigente (<= 2 anos),13,13123,315,0,2,91,50_54
6,12,2025,112303,P1207030,Mujeres 55 a 59 anos con mamografia vigente (<= 2 anos),13,13123,317,0,7,79,55_59
6,12,2025,112303,P1207040,Mujeres 60 a 64 anos con mamografia vigente (<= 2 anos),13,13123,370,0,8,60,60_64
6,12,2025,112303,P1207050,Mujeres 65 a 69 anos con mamografia vigente (<= 2 anos),13,13123,272,0,5,39,65_69
6,12,2025,112313,P1220030,Mujeres 50 a 54 anos con mamografia vigente (<= 2 anos),13,13118,393,0,0,51,50_54
6,12,2025,112313,P1207030,Mujeres 55 a 59 anos con mamografia vigente (<= 2 anos),13,13118,468,0,0,60,55_59
6,12,2025,112313,P1207040,Mujeres 60 a 64 anos con mamografia vigente (<= 2 anos),13,13118,442,0,0,45,60_64
6,12,2025,112313,P1207050,Mujeres 65 a 69 anos con mamografia vigente (<= 2 anos),13,13118,234,0,0,33,65_69
6,12,2025,112309,P1220030,Mujeres 50 a 54 anos con mamografia vigente (<= 2 anos),13,13132,519,0,23,234,50_54
6,12,2025,112309,P1207030,Mujeres 55 a 59 anos con mamografia vigente (<= 2 anos),13,13132,572,0,35,215,55_59
6,12,2025,112309,P1207040,Mujeres 60 a 64 anos con mamografia vigente (<= 2 anos),13,13132,544,0,20,145,60_64
6,12,2025,112309,P1207050,Mujeres 65 a 69 anos con mamografia vigente (<= 2 anos),13,13132,335,0,20,43,65_69
6,12,2025,112321,P1220030,Mujeres 50 a 54 anos con mamografia vigente (<= 2 anos),13,13122,294,0,4,15,50_54
6,12,2025,112321,P1207050,Mujeres 65 a 69 anos con mamografia vigente (<= 2 anos),13,13122,72,0,1,1,65_69
6,12,2025,112304,P1220030,Mujeres 50 a 54 anos con mamografia vigente (<= 2 anos),13,13114,653,0,41,265,50_54
6,12,2025,112304,P1207030,Mujeres 55 a 59 anos con mamografia vigente (<= 2 anos),13,13114,733,0,54,245,55_59
6,12,2025,112304,P1207040,Mujeres 60 a 64 anos con mamografia vigente (<= 2 anos),13,13114,840,0,40,209,60_64
6,12,2025,112304,P1207050,Mujeres 65 a 69 anos con mamografia vigente (<= 2 anos),13,13114,675,0,35,113,65_69
12,12,2025,112310,P1220030,Mujeres 50 a 54 anos con mamografia vigente (<= 2 anos),13,13120,341,0,3,15,50_54
12,12,2025,112310,P1207030,Mujeres 55 a 59 anos con mamografia vigente (<= 2 anos),13,13120,386,0,12,7,55_59
12,12,2025,112310,P1207040,Mujeres 60 a 64 anos con mamografia vigente (<= 2 anos),13,13120,577,0,5,22,60_64
12,12,2025,112315,P1220030,Mujeres 50 a 54 anos con mamografia vigente (<= 2 anos),13,13122,288,0,0,0,50_54
12,12,2025,112315,P1207030,Mujeres 55 a 59 anos con mamografia vigente (<= 2 anos),13,13122,219,0,0,0,55_59
12,12,2025,112315,P1207040,Mujeres 60 a 64 anos con mamografia vigente (<= 2 anos),13,13122,185,0,0,0,60_64
6,12,2025,112321,P1207030,Mujeres 55 a 59 anos con mamografia vigente (<= 2 anos),13,13122,241,0,3,26,55_59
6,12,2025,112321,P1207040,Mujeres 60 a 64 anos con mamografia vigente (<= 2 anos),13,13122,193,0,2,11,60_64
6,12,2025,112307,P1207050,Mujeres 65 a 69 anos con mamografia vigente (<= 2 anos),13,13115,326,0,9,65,65_69
6,12,2025,112307,P1220030,Mujeres 50 a 54 anos con mamografia vigente (<= 2 anos),13,13115,718,0,38,191,50_54
6,12,2025,112307,P1207030,Mujeres 55 a 59 anos con mamografia vigente (<= 2 anos),13,13115,737,0,28,140,55_59
6,12,2025,112307,P1207040,Mujeres 60 a 64 anos con mamografia vigente (<= 2 anos),13,13115,615,0,36,166,60_64
12,12,2025,112310,P1207050,Mujeres 65 a 69 anos con mamografia vigente (<= 2 anos),13,13120,526,0,5,16,65_69
12,12,2025,112316,P1220030,Mujeres 50 a 54 anos con mamografia vigente (<= 2 anos),13,13122,741,0,1,99,50_54
12,12,2025,112316,P1207030,Mujeres 55 a 59 anos con mamografia vigente (<= 2 anos),13,13122,733,0,5,50,55_59
12,12,2025,112316,P1207040,Mujeres 60 a 64 anos con mamografia vigente (<= 2 anos),13,13122,614,0,1,35,60_64
12,12,2025,112316,P1207050,Mujeres 65 a 69 anos con mamografia vigente (<= 2 anos),13,13122,281,0,1,11,65_69
12,12,2025,112315,P1207050,Mujeres 65 a 69 anos con mamografia vigente (<= 2 anos),13,13122,94,0,0,0,65_69
12,12,2025,112311,P1220030,Mujeres 50 a 54 anos con mamografia vigente (<= 2 anos),13,13120,372,0,9,50,50_54
12,12,2025,112311,P1207030,Mujeres 55 a 59 anos con mamografia vigente (<= 2 anos),13,13120,365,0,11,41,55_59
12,12,2025,112311,P1207040,Mujeres 60 a 64 anos con mamografia vigente (<= 2 anos),13,13120,459,0,4,59,60_64
12,12,2025,112311,P1207050,Mujeres 65 a 69 anos con mamografia vigente (<= 2 anos),13,13120,338,0,6,52,65_69
6,12,2025,112317,P1207040,Mujeres 60 a 64 anos con mamografia vigente (<= 2 anos),13,13113,439,0,13,58,60_64
6,12,2025,112317,P1207050,Mujeres 65 a 69 anos con mamografia vigente (<= 2 anos),13,13113,365,0,8,37,65_69
12,12,2025,112318,P1220030,Mujeres 50 a 54 anos con mamografia vigente (<= 2 anos),13,13122,330,0,4,12,50_54
12,12,2025,112318,P1207030,Mujeres 55 a 59 anos con mamografia vigente (<= 2 anos),13,13122,312,0,2,9,55_59
12,12,2025,112318,P1207040,Mujeres 60 a 64 anos con mamografia vigente (<= 2 anos),13,13122,268,0,2,2,60_64
12,12,2025,112318,P1207050,Mujeres 65 a 69 anos con mamografia vigente (<= 2 anos),13,13122,177,0,2,3,65_69
12,12,2025,112302,P1220030,Mujeres 50 a 54 anos con mamografia vigente (<= 2 anos),13,13123,292,0,4,50,50_54
12,12,2025,112302,P1207030,Mujeres 55 a 59 anos con mamografia vigente (<= 2 anos),13,13123,306,0,7,38,55_59
12,12,2025,112302,P1207040,Mujeres 60 a 64 anos con mamografia vigente (<= 2 anos),13,13123,310,0,6,31,60_64
12,12,2025,112302,P1207050,Mujeres 65 a 69 anos con mamografia vigente (<= 2 anos),13,13123,233,0,1,24,65_69
6,12,2025,112320,P1220030,Mujeres 50 a 54 anos con mamografia vigente (<= 2 anos),13,13113,68,0,3,1,50_54
6,12,2025,112320,P1207030,Mujeres 55 a 59 anos con mamografia vigente (<= 2 anos),13,13113,47,0,1,0,55_59
6,12,2025,112320,P1207040,Mujeres 60 a 64 anos con mamografia vigente (<= 2 anos),13,13113,39,0,1,0,60_64
6,12,2025,112320,P1207050,Mujeres 65 a 69 anos con mamografia vigente (<= 2 anos),13,13113,22,0,2,0,65_69
12,12,2025,112319,P1220030,Mujeres 50 a 54 anos con mamografia vigente (<= 2 anos),13,13118,324,0,0,77,50_54
12,12,2025,112319,P1207030,Mujeres 55 a 59 anos con mamografia vigente (<= 2 anos),13,13118,347,0,0,66,55_59
12,12,2025,112319,P1207040,Mujeres 60 a 64 anos con mamografia vigente (<= 2 anos),13,13118,385,0,0,76,60_64
12,12,2025,112319,P1207050,Mujeres 65 a 69 anos con mamografia vigente (<= 2 anos),13,13118,283,0,0,34,65_69
12,12,2025,201112,P1220030,Mujeres 50 a 54 anos con mamografia vigente (<= 2 anos),13,13122,445,0,0,0,50_54
12,12,2025,112313,P1207050,Mujeres 65 a 69 anos con mamografia vigente (<= 2 anos),13,13118,281,0,4,41,65_69
12,12,2025,112313,P1220030,Mujeres 50 a 54 anos con mamografia vigente (<= 2 anos),13,13118,410,0,9,48,50_54
12,12,2025,112313,P1207030,Mujeres 55 a 59 anos con mamografia vigente (<= 2 anos),13,13118,447,0,9,63,55_59
12,12,2025,112313,P1207040,Mujeres 60 a 64 anos con mamografia vigente (<= 2 anos),13,13118,454,0,12,50,60_64
12,12,2025,112301,P1220030,Mujeres 50 a 54 anos con mamografia vigente (<= 2 anos),13,13123,311,0,7,67,50_54
12,12,2025,112301,P1207030,Mujeres 55 a 59 anos con mamografia vigente (<= 2 anos),13,13123,283,0,6,56,55_59
12,12,2025,112301,P1207040,Mujeres 60 a 64 anos con mamografia vigente (<= 2 anos),13,13123,341,0,2,51,60_64
12,12,2025,112301,P1207050,Mujeres 65 a 69 anos con mamografia vigente (<= 2 anos),13,13123,286,0,3,27,65_69
12,12,2025,112303,P1220030,Mujeres 50 a 54 anos con mamografia vigente (<= 2 anos),13,13123,397,0,5,113,50_54
12,12,2025,112304,P1220030,Mujeres 50 a 54 anos con mamografia vigente (<= 2 anos),13,13114,611,0,40,229,50_54
12,12,2025,112304,P1207030,Mujeres 55 a 59 anos con mamografia vigente (<= 2 anos),13,13114,668,0,42,211,55_59
12,12,2025,112304,P1207040,Mujeres 60 a 64 anos con mamografia vigente (<= 2 anos),13,13114,769,0,36,173,60_64
12,12,2025,112304,P1207050,Mujeres 65 a 69 anos con mamografia vigente (<= 2 anos),13,13114,613,0,25,85,65_69
12,13,2025,113330,P1207040,Mujeres 60 a 64 anos con mamografia vigente (<= 2 anos),13,13401,279,0,9,5,60_64
12,13,2025,113330,P1207050,Mujeres 65 a 69 anos con mamografia vigente (<= 2 anos),13,13401,126,0,8,1,65_69
12,13,2025,113330,P1220030,Mujeres 50 a 54 anos con mamografia vigente (<= 2 anos),13,13401,354,0,20,3,50_54
12,13,2025,113330,P1207030,Mujeres 55 a 59 anos con mamografia vigente (<= 2 anos),13,13401,322,0,23,8,55_59
12,13,2025,113334,P1220030,Mujeres 50 a 54 anos con mamografia vigente (<= 2 anos),13,13403,202,0,4,6,50_54
12,13,2025,113311,P1220030,Mujeres 50 a 54 anos con mamografia vigente (<= 2 anos),13,13109,656,0,0,0,50_54
12,13,2025,113334,P1207030,Mujeres 55 a 59 anos con mamografia vigente (<= 2 anos),13,13403,201,0,1,3,55_59
12,13,2025,113334,P1207040,Mujeres 60 a 64 anos con mamografia vigente (<= 2 anos),13,13403,193,0,4,6,60_64
12,13,2025,113334,P1207050,Mujeres 65 a 69 anos con mamografia vigente (<= 2 anos),13,13403,124,0,2,2,65_69
12,13,2025,113318,P1220030,Mujeres 50 a 54 anos con mamografia vigente (<= 2 anos),13,13404,759,0,19,45,50_54
12,13,2025,113318,P1207030,Mujeres 55 a 59 anos con mamografia vigente (<= 2 anos),13,13404,709,0,20,27,55_59
12,13,2025,113318,P1207040,Mujeres 60 a 64 anos con mamografia vigente (<= 2 anos),13,13404,610,0,16,17,60_64
12,13,2025,113318,P1207050,Mujeres 65 a 69 anos con mamografia vigente (<= 2 anos),13,13404,302,0,4,8,65_69
6,13,2025,113396,P1220030,Mujeres 50 a 54 anos con mamografia vigente (<= 2 anos),13,13116,411,0,9,15,50_54
6,13,2025,113396,P1207030,Mujeres 55 a 59 anos con mamografia vigente (<= 2 anos),13,13116,347,0,5,6,55_59
6,13,2025,113396,P1207040,Mujeres 60 a 64 anos con mamografia vigente (<= 2 anos),13,13116,289,0,3,3,60_64
6,13,2025,113396,P1207050,Mujeres 65 a 69 anos con mamografia vigente (<= 2 anos),13,13116,101,0,5,2,65_69
12,13,2025,113701,P1207050,Mujeres 65 a 69 anos con mamografia vigente (<= 2 anos),13,13129,42,0,1,8,65_69
6,13,2025,113305,P1220030,Mujeres 50 a 54 anos con mamografia vigente (<= 2 anos),13,13129,50,0,0,18,50_54
6,13,2025,113305,P1207030,Mujeres 55 a 59 anos con mamografia vigente (<= 2 anos),13,13129,58,0,0,10,55_59
6,13,2025,113305,P1207040,Mujeres 60 a 64 anos con mamografia vigente (<= 2 anos),13,13129,47,0,0,7,60_64
6,13,2025,113305,P1207050,Mujeres 65 a 69 anos con mamografia vigente (<= 2 anos),13,13129,5,0,0,1,65_69
12,13,2025,200337,P1220030,Mujeres 50 a 54 anos con mamografia vigente (<= 2 anos),13,13129,33,0,0,10,50_54
12,13,2025,200337,P1207030,Mujeres 55 a 59 anos con mamografia vigente (<= 2 anos),13,13129,30,0,0,4,55_59
12,13,2025,200337,P1207040,Mujeres 60 a 64 anos con mamografia vigente (<= 2 anos),13,13129,21,0,0,2,60_64
12,13,2025,200337,P1207050,Mujeres 65 a 69 anos con mamografia vigente (<= 2 anos),13,13129,27,0,0,4,65_69
12,13,2025,113328,P1220030,Mujeres 50 a 54 anos con mamografia vigente (<= 2 anos),13,13401,431,0,15,25,50_54
12,13,2025,113328,P1207030,Mujeres 55 a 59 anos con mamografia vigente (<= 2 anos),13,13401,375,0,8,28,55_59
12,13,2025,113328,P1207040,Mujeres 60 a 64 anos con mamografia vigente (<= 2 anos),13,13401,344,0,6,15,60_64
12,13,2025,113328,P1207050,Mujeres 65 a 69 anos con mamografia vigente (<= 2 anos),13,13401,161,0,2,3,65_69
12,13,2025,113309,P1220030,Mujeres 50 a 54 anos con mamografia vigente (<= 2 anos),13,13116,340,0,8,0,50_54
12,13,2025,113309,P1207030,Mujeres 55 a 59 anos con mamografia vigente (<= 2 anos),13,13116,284,0,6,1,55_59
12,13,2025,113309,P1207040,Mujeres 60 a 64 anos con mamografia vigente (<= 2 anos),13,13116,302,0,6,0,60_64
12,13,2025,113309,P1207050,Mujeres 65 a 69 anos con mamografia vigente (<= 2 anos),13,13116,144,0,1,1,65_69
12,13,2025,113405,P1207030,Mujeres 55 a 59 anos con mamografia vigente (<= 2 anos),13,13402,94,0,0,0,55_59
12,13,2025,113405,P1207040,Mujeres 60 a 64 anos con mamografia vigente (<= 2 anos),13,13402,95,0,0,0,60_64
12,13,2025,113405,P1207050,Mujeres 65 a 69 anos con mamografia vigente (<= 2 anos),13,13402,42,0,0,0,65_69
12,13,2025,113790,P1220030,Mujeres 50 a 54 anos con mamografia vigente (<= 2 anos),13,13402,183,0,0,0,50_54
12,13,2025,113790,P1207030,Mujeres 55 a 59 anos con mamografia vigente (<= 2 anos),13,13402,191,0,0,0,55_59
12,13,2025,113790,P1207040,Mujeres 60 a 64 anos con mamografia vigente (<= 2 anos),13,13402,144,0,0,0,60_64
12,13,2025,113319,P1207050,Mujeres 65 a 69 anos con mamografia vigente (<= 2 anos),13,13404,182,0,0,0,65_69
12,13,2025,113319,P1220030,Mujeres 50 a 54 anos con mamografia vigente (<= 2 anos),13,13404,276,0,0,4,50_54
12,13,2025,113319,P1207030,Mujeres 55 a 59 anos con mamografia vigente (<= 2 anos),13,13404,286,0,4,3,55_59
12,13,2025,113319,P1207040,Mujeres 60 a 64 anos con mamografia vigente (<= 2 anos),13,13404,306,0,1,0,60_64
12,13,2025,113702,P1220030,Mujeres 50 a 54 anos con mamografia vigente (<= 2 anos),13,13129,72,0,1,17,50_54
12,13,2025,113702,P1207030,Mujeres 55 a 59 anos con mamografia vigente (<= 2 anos),13,13129,66,0,0,14,55_59
12,13,2025,113702,P1207040,Mujeres 60 a 64 anos con mamografia vigente (<= 2 anos),13,13129,48,0,0,4,60_64
12,13,2025,113402,P1220030,Mujeres 50 a 54 anos con mamografia vigente (<= 2 anos),13,13402,135,0,0,0,50_54
12,13,2025,113402,P1207030,Mujeres 55 a 59 anos con mamografia vigente (<= 2 anos),13,13402,140,0,0,0,55_59
12,13,2025,113402,P1207040,Mujeres 60 a 64 anos con mamografia vigente (<= 2 anos),13,13402,119,0,0,0,60_64
12,13,2025,113790,P1207050,Mujeres 65 a 69 anos con mamografia vigente (<= 2 anos),13,13402,61,0,0,0,65_69
12,13,2025,113404,P1220030,Mujeres 50 a 54 anos con mamografia vigente (<= 2 anos),13,13402,90,0,0,0,50_54
12,13,2025,113404,P1207030,Mujeres 55 a 59 anos con mamografia vigente (<= 2 anos),13,13402,55,0,0,0,55_59
12,13,2025,113404,P1207040,Mujeres 60 a 64 anos con mamografia vigente (<= 2 anos),13,13402,68,0,0,0,60_64
12,13,2025,113404,P1207050,Mujeres 65 a 69 anos con mamografia vigente (<= 2 anos),13,13402,34,0,0,0,65_69
12,13,2025,113405,P1220030,Mujeres 50 a 54 anos con mamografia vigente (<= 2 anos),13,13402,98,0,0,0,50_54
12,13,2025,113402,P1207050,Mujeres 65 a 69 anos con mamografia vigente (<= 2 anos),13,13402,77,0,0,0,65_69
6,13,2025,113301,P1220030,Mujeres 50 a 54 anos con mamografia vigente (<= 2 anos),13,13129,158,0,0,16,50_54
6,13,2025,113301,P1207030,Mujeres 55 a 59 anos con mamografia vigente (<= 2 anos),13,13129,160,0,3,34,55_59
6,13,2025,113301,P1207040,Mujeres 60 a 64 anos con mamografia vigente (<= 2 anos),13,13129,217,0,4,18,60_64
6,13,2025,113301,P1207050,Mujeres 65 a 69 anos con mamografia vigente (<= 2 anos),13,13129,126,0,0,13,65_69
6,13,2025,113411,P1220030,Mujeres 50 a 54 anos con mamografia vigente (<= 2 anos),13,13404,47,0,0,0,50_54
12,13,2025,113315,P1220030,Mujeres 50 a 54 anos con mamografia vigente (<= 2 anos),13,13401,289,0,23,13,50_54
12,13,2025,113315,P1207030,Mujeres 55 a 59 anos con mamografia vigente (<= 2 anos),13,13401,249,0,25,15,55_59
12,13,2025,113315,P1207040,Mujeres 60 a 64 anos con mamografia vigente (<= 2 anos),13,13401,210,0,32,25,60_64
12,13,2025,113315,P1207050,Mujeres 65 a 69 anos con mamografia vigente (<= 2 anos),13,13401,74,0,10,10,65_69
6,13,2025,113411,P1207030,Mujeres 55 a 59 anos con mamografia vigente (<= 2 anos),13,13404,47,0,0,1,55_59
6,13,2025,113411,P1207040,Mujeres 60 a 64 anos con mamografia vigente (<= 2 anos),13,13404,48,0,0,0,60_64
6,13,2025,113411,P1207050,Mujeres 65 a 69 anos con mamografia vigente (<= 2 anos),13,13404,27,0,0,0,65_69
12,13,2025,113324,P1207040,Mujeres 60 a 64 anos con mamografia vigente (<= 2 anos),13,13105,313,0,0,0,60_64
12,13,2025,113324,P1207050,Mujeres 65 a 69 anos con mamografia vigente (<= 2 anos),13,13105,158,0,0,0,65_69
12,13,2025,113324,P1220030,Mujeres 50 a 54 anos con mamografia vigente (<= 2 anos),13,13105,414,0,0,0,50_54
12,13,2025,113324,P1207030,Mujeres 55 a 59 anos con mamografia vigente (<= 2 anos),13,13105,369,0,0,0,55_59
6,13,2025,113701,P1220030,Mujeres 50 a 54 anos con mamografia vigente (<= 2 anos),13,13129,44,0,0,6,50_54
6,13,2025,113701,P1207030,Mujeres 55 a 59 anos con mamografia vigente (<= 2 anos),13,13129,38,0,0,9,55_59
6,13,2025,113701,P1207040,Mujeres 60 a 64 anos con mamografia vigente (<= 2 anos),13,13129,38,0,0,5,60_64
6,13,2025,113701,P1207050,Mujeres 65 a 69 anos con mamografia vigente (<= 2 anos),13,13129,19,0,1,3,65_69
6,13,2025,113402,P1220030,Mujeres 50 a 54 anos con mamografia vigente (<= 2 anos),13,13402,77,0,2,5,50_54
6,13,2025,113402,P1207030,Mujeres 55 a 59 anos con mamografia vigente (<= 2 anos),13,13402,68,0,0,8,55_59
6,13,2025,113402,P1207040,Mujeres 60 a 64 anos con mamografia vigente (<= 2 anos),13,13402,71,0,1,3,60_64
6,13,2025,113402,P1207050,Mujeres 65 a 69 anos con mamografia vigente (<= 2 anos),13,13402,40,0,0,1,65_69
6,13,2025,200361,P1220030,Mujeres 50 a 54 anos con mamografia vigente (<= 2 anos),13,13130,8,0,1,3,50_54
6,13,2025,200361,P1207030,Mujeres 55 a 59 anos con mamografia vigente (<= 2 anos),13,13130,25,0,0,7,55_59
6,13,2025,200361,P1207040,Mujeres 60 a 64 anos con mamografia vigente (<= 2 anos),13,13130,24,0,0,7,60_64
6,13,2025,200361,P1207050,Mujeres 65 a 69 anos con mamografia vigente (<= 2 anos),13,13130,16,0,0,3,65_69
6,13,2025,113323,P1220030,Mujeres 50 a 54 anos con mamografia vigente (<= 2 anos),13,13105,248,0,0,0,50_54
12,13,2025,113332,P1220030,Mujeres 50 a 54 anos con mamografia vigente (<= 2 anos),13,13401,483,0,0,0,50_54
12,13,2025,113332,P1207030,Mujeres 55 a 59 anos con mamografia vigente (<= 2 anos),13,13401,375,0,0,0,55_59
12,13,2025,113332,P1207040,Mujeres 60 a 64 anos con mamografia vigente (<= 2 anos),13,13401,324,0,0,0,60_64
12,13,2025,113332,P1207050,Mujeres 65 a 69 anos con mamografia vigente (<= 2 anos),13,13401,140,0,0,0,65_69
12,13,2025,113396,P1220030,Mujeres 50 a 54 anos con mamografia vigente (<= 2 anos),13,13116,431,0,13,20,50_54
12,13,2025,113396,P1207030,Mujeres 55 a 59 anos con mamografia vigente (<= 2 anos),13,13116,402,0,12,11,55_59
12,13,2025,113713,P1207040,Mujeres 60 a 64 anos con mamografia vigente (<= 2 anos),13,13401,26,0,0,0,60_64
12,13,2025,113713,P1207050,Mujeres 65 a 69 anos con mamografia vigente (<= 2 anos),13,13401,17,0,0,0,65_69
12,13,2025,113396,P1207040,Mujeres 60 a 64 anos con mamografia vigente (<= 2 anos),13,13116,326,0,7,5,60_64
12,13,2025,113396,P1207050,Mujeres 65 a 69 anos con mamografia vigente (<= 2 anos),13,13116,125,0,5,2,65_69
6,13,2025,113303,P1220030,Mujeres 50 a 54 anos con mamografia vigente (<= 2 anos),13,13121,346,0,2,27,50_54
6,13,2025,113303,P1207030,Mujeres 55 a 59 anos con mamografia vigente (<= 2 anos),13,13121,398,0,1,16,55_59
6,13,2025,113303,P1207040,Mujeres 60 a 64 anos con mamografia vigente (<= 2 anos),13,13121,496,0,5,16,60_64
6,13,2025,113303,P1207050,Mujeres 65 a 69 anos con mamografia vigente (<= 2 anos),13,13121,249,0,0,0,65_69
12,13,2025,113713,P1220030,Mujeres 50 a 54 anos con mamografia vigente (<= 2 anos),13,13401,42,0,2,2,50_54
12,13,2025,113713,P1207030,Mujeres 55 a 59 anos con mamografia vigente (<= 2 anos),13,13401,37,0,1,0,55_59
12,13,2025,113407,P1220030,Mujeres 50 a 54 anos con mamografia vigente (<= 2 anos),13,13402,74,0,0,0,50_54
12,13,2025,113407,P1207030,Mujeres 55 a 59 anos con mamografia vigente (<= 2 anos),13,13402,77,0,0,0,55_59
12,13,2025,113702,P1207050,Mujeres 65 a 69 anos con mamografia vigente (<= 2 anos),13,13129,41,0,0,0,65_69
6,13,2025,113323,P1207030,Mujeres 55 a 59 anos con mamografia vigente (<= 2 anos),13,13105,250,0,0,0,55_59
6,13,2025,113323,P1207040,Mujeres 60 a 64 anos con mamografia vigente (<= 2 anos),13,13105,346,0,0,0,60_64
6,13,2025,113323,P1207050,Mujeres 65 a 69 anos con mamografia vigente (<= 2 anos),13,13105,229,0,0,0,65_69
12,13,2025,113407,P1207040,Mujeres 60 a 64 anos con mamografia vigente (<= 2 anos),13,13402,58,0,0,0,60_64
12,13,2025,113407,P1207050,Mujeres 65 a 69 anos con mamografia vigente (<= 2 anos),13,13402,31,0,0,0,65_69
12,13,2025,113313,P1220030,Mujeres 50 a 54 anos con mamografia vigente (<= 2 anos),13,13401,934,0,2,2,50_54
12,13,2025,113313,P1207030,Mujeres 55 a 59 anos con mamografia vigente (<= 2 anos),13,13401,1001,0,1,3,55_59
12,13,2025,113313,P1207040,Mujeres 60 a 64 anos con mamografia vigente (<= 2 anos),13,13401,1081,0,1,1,60_64
12,13,2025,113313,P1207050,Mujeres 65 a 69 anos con mamografia vigente (<= 2 anos),13,13401,409,0,1,1,65_69
6,13,2025,113408,P1220030,Mujeres 50 a 54 anos con mamografia vigente (<= 2 anos),13,13404,69,0,0,2,50_54
6,13,2025,113408,P1207030,Mujeres 55 a 59 anos con mamografia vigente (<= 2 anos),13,13404,62,0,0,0,55_59
6,13,2025,113408,P1207040,Mujeres 60 a 64 anos con mamografia vigente (<= 2 anos),13,13404,52,0,1,0,60_64
12,13,2025,113310,P1220030,Mujeres 50 a 54 anos con mamografia vigente (<= 2 anos),13,13116,192,0,6,2,50_54
12,13,2025,113310,P1207030,Mujeres 55 a 59 anos con mamografia vigente (<= 2 anos),13,13116,203,0,4,1,55_59
12,13,2025,113310,P1207040,Mujeres 60 a 64 anos con mamografia vigente (<= 2 anos),13,13116,303,0,6,2,60_64
12,13,2025,113310,P1207050,Mujeres 65 a 69 anos con mamografia vigente (<= 2 anos),13,13116,171,0,5,1,65_69
6,13,2025,113319,P1220030,Mujeres 50 a 54 anos con mamografia vigente (<= 2 anos),13,13404,247,0,0,3,50_54
6,13,2025,113319,P1207030,Mujeres 55 a 59 anos con mamografia vigente (<= 2 anos),13,13404,256,0,1,1,55_59
6,13,2025,113319,P1207040,Mujeres 60 a 64 anos con mamografia vigente (<= 2 anos),13,13404,259,0,1,0,60_64
6,13,2025,113319,P1207050,Mujeres 65 a 69 anos con mamografia vigente (<= 2 anos),13,13404,121,0,0,0,65_69
6,13,2025,200962,P1220030,Mujeres 50 a 54 anos con mamografia vigente (<= 2 anos),13,13105,42,0,0,0,50_54
12,13,2025,113394,P1220030,Mujeres 50 a 54 anos con mamografia vigente (<= 2 anos),13,13401,249,0,15,7,50_54
12,13,2025,113722,P1220030,Mujeres 50 a 54 anos con mamografia vigente (<= 2 anos),13,13129,78,0,0,13,50_54
12,13,2025,113409,P1220030,Mujeres 50 a 54 anos con mamografia vigente (<= 2 anos),13,13404,151,0,2,2,50_54
12,13,2025,113409,P1207030,Mujeres 55 a 59 anos con mamografia vigente (<= 2 anos),13,13404,191,0,0,3,55_59
12,13,2025,113409,P1207040,Mujeres 60 a 64 anos con mamografia vigente (<= 2 anos),13,13404,152,0,0,3,60_64
12,13,2025,113409,P1207050,Mujeres 65 a 69 anos con mamografia vigente (<= 2 anos),13,13404,68,0,0,0,65_69
12,13,2025,113408,P1207030,Mujeres 55 a 59 anos con mamografia vigente (<= 2 anos),13,13404,99,0,1,2,55_59
12,13,2025,113408,P1207040,Mujeres 60 a 64 anos con mamografia vigente (<= 2 anos),13,13404,78,0,0,0,60_64
12,13,2025,113408,P1207050,Mujeres 65 a 69 anos con mamografia vigente (<= 2 anos),13,13404,73,0,0,1,65_69
12,13,2025,113312,P1220030,Mujeres 50 a 54 anos con mamografia vigente (<= 2 anos),13,13105,373,0,3,10,50_54
12,13,2025,113408,P1220030,Mujeres 50 a 54 anos con mamografia vigente (<= 2 anos),13,13404,73,0,0,1,50_54
12,13,2025,113312,P1207030,Mujeres 55 a 59 anos con mamografia vigente (<= 2 anos),13,13105,371,0,5,8,55_59
12,13,2025,113722,P1207030,Mujeres 55 a 59 anos con mamografia vigente (<= 2 anos),13,13129,80,0,0,13,55_59
12,13,2025,113722,P1207040,Mujeres 60 a 64 anos con mamografia vigente (<= 2 anos),13,13129,100,0,1,4,60_64
12,13,2025,113722,P1207050,Mujeres 65 a 69 anos con mamografia vigente (<= 2 anos),13,13129,150,0,1,0,65_69
6,13,2025,113328,P1220030,Mujeres 50 a 54 anos con mamografia vigente (<= 2 anos),13,13401,456,0,9,25,50_54
6,13,2025,113328,P1207030,Mujeres 55 a 59 anos con mamografia vigente (<= 2 anos),13,13401,387,0,5,29,55_59
6,13,2025,113328,P1207040,Mujeres 60 a 64 anos con mamografia vigente (<= 2 anos),13,13401,335,0,2,10,60_64
6,13,2025,113328,P1207050,Mujeres 65 a 69 anos con mamografia vigente (<= 2 anos),13,13401,151,0,1,3,65_69
6,13,2025,113394,P1220030,Mujeres 50 a 54 anos con mamografia vigente (<= 2 anos),13,13401,273,0,0,0,50_54
6,13,2025,113394,P1207030,Mujeres 55 a 59 anos con mamografia vigente (<= 2 anos),13,13401,201,0,0,0,55_59
6,13,2025,113394,P1207040,Mujeres 60 a 64 anos con mamografia vigente (<= 2 anos),13,13401,192,0,0,0,60_64
6,13,2025,113394,P1207050,Mujeres 65 a 69 anos con mamografia vigente (<= 2 anos),13,13401,111,0,0,0,65_69
6,13,2025,113409,P1220030,Mujeres 50 a 54 anos con mamografia vigente (<= 2 anos),13,13404,76,0,2,0,50_54
6,13,2025,113702,P1220030,Mujeres 50 a 54 anos con mamografia vigente (<= 2 anos),13,13129,29,0,1,7,50_54
6,13,2025,113702,P1207030,Mujeres 55 a 59 anos con mamografia vigente (<= 2 anos),13,13129,32,0,0,2,55_59
6,13,2025,113702,P1207040,Mujeres 60 a 64 anos con mamografia vigente (<= 2 anos),13,13129,27,0,0,0,60_64
6,13,2025,113702,P1207050,Mujeres 65 a 69 anos con mamografia vigente (<= 2 anos),13,13129,16,0,0,0,65_69
6,13,2025,113409,P1207030,Mujeres 55 a 59 anos con mamografia vigente (<= 2 anos),13,13404,101,0,0,1,55_59
6,13,2025,113404,P1220030,Mujeres 50 a 54 anos con mamografia vigente (<= 2 anos),13,13402,78,0,0,0,50_54
6,13,2025,113753,P1220030,Mujeres 50 a 54 anos con mamografia vigente (<= 2 anos),13,13129,36,0,0,0,50_54
6,13,2025,113753,P1207030,Mujeres 55 a 59 anos con mamografia vigente (<= 2 anos),13,13129,52,0,0,2,55_59
6,13,2025,113753,P1207040,Mujeres 60 a 64 anos con mamografia vigente (<= 2 anos),13,13129,49,0,0,0,60_64
6,13,2025,113753,P1207050,Mujeres 65 a 69 anos con mamografia vigente (<= 2 anos),13,13129,17,0,0,1,65_69
6,13,2025,113407,P1207030,Mujeres 55 a 59 anos con mamografia vigente (<= 2 anos),13,13402,44,0,0,1,55_59
6,13,2025,113407,P1207040,Mujeres 60 a 64 anos con mamografia vigente (<= 2 anos),13,13402,34,0,0,0,60_64
6,13,2025,113404,P1207030,Mujeres 55 a 59 anos con mamografia vigente (<= 2 anos),13,13402,55,0,0,0,55_59
6,13,2025,113410,P1207050,Mujeres 65 a 69 anos con mamografia vigente (<= 2 anos),13,13404,28,0,0,0,65_69
12,13,2025,113305,P1220030,Mujeres 50 a 54 anos con mamografia vigente (<= 2 anos),13,13129,208,0,4,40,50_54
12,13,2025,113305,P1207030,Mujeres 55 a 59 anos con mamografia vigente (<= 2 anos),13,13129,217,0,5,19,55_59
6,13,2025,113317,P1220030,Mujeres 50 a 54 anos con mamografia vigente (<= 2 anos),13,13105,572,0,19,14,50_54
12,13,2025,113303,P1220030,Mujeres 50 a 54 anos con mamografia vigente (<= 2 anos),13,13121,402,0,2,19,50_54
12,13,2025,111303,P1220030,Mujeres 50 a 54 anos con mamografia vigente (<= 2 anos),13,13121,302,0,0,36,50_54
12,13,2025,111303,P1207030,Mujeres 55 a 59 anos con mamografia vigente (<= 2 anos),13,13121,276,0,0,18,55_59
12,13,2025,111303,P1207040,Mujeres 60 a 64 anos con mamografia vigente (<= 2 anos),13,13121,335,0,0,10,60_64
12,13,2025,113316,P1220030,Mujeres 50 a 54 anos con mamografia vigente (<= 2 anos),13,13401,348,0,0,0,50_54
12,13,2025,113316,P1207030,Mujeres 55 a 59 anos con mamografia vigente (<= 2 anos),13,13401,359,0,0,0,55_59
6,13,2025,200337,P1207040,Mujeres 60 a 64 anos con mamografia vigente (<= 2 anos),13,13129,9,0,0,1,60_64
12,13,2025,200210,P1207050,Mujeres 65 a 69 anos con mamografia vigente (<= 2 anos),13,13129,63,0,1,3,65_69
6,13,2025,113333,P1207040,Mujeres 60 a 64 anos con mamografia vigente (<= 2 anos),13,13402,116,0,1,3,60_64
6,13,2025,113333,P1207050,Mujeres 65 a 69 anos con mamografia vigente (<= 2 anos),13,13402,53,0,2,0,65_69
6,13,2025,113406,P1220030,Mujeres 50 a 54 anos con mamografia vigente (<= 2 anos),13,13402,25,0,0,1,50_54
6,13,2025,113406,P1207030,Mujeres 55 a 59 anos con mamografia vigente (<= 2 anos),13,13402,19,0,0,0,55_59
6,13,2025,113406,P1207040,Mujeres 60 a 64 anos con mamografia vigente (<= 2 anos),13,13402,17,0,0,0,60_64
6,13,2025,113406,P1207050,Mujeres 65 a 69 anos con mamografia vigente (<= 2 anos),13,13402,4,0,0,0,65_69
6,13,2025,113312,P1220030,Mujeres 50 a 54 anos con mamografia vigente (<= 2 anos),13,13105,390,0,0,0,50_54
6,13,2025,113312,P1207030,Mujeres 55 a 59 anos con mamografia vigente (<= 2 anos),13,13105,428,0,0,0,55_59
6,13,2025,113312,P1207040,Mujeres 60 a 64 anos con mamografia vigente (<= 2 anos),13,13105,393,0,3,0,60_64
6,13,2025,113312,P1207050,Mujeres 65 a 69 anos con mamografia vigente (<= 2 anos),13,13105,172,0,0,0,65_69
12,13,2025,113410,P1220030,Mujeres 50 a 54 anos con mamografia vigente (<= 2 anos),13,13404,35,0,1,0,50_54
12,13,2025,113331,P1220030,Mujeres 50 a 54 anos con mamografia vigente (<= 2 anos),13,13121,307,0,3,14,50_54
12,13,2025,113331,P1207030,Mujeres 55 a 59 anos con mamografia vigente (<= 2 anos),13,13121,358,0,4,10,55_59
12,13,2025,113331,P1207040,Mujeres 60 a 64 anos con mamografia vigente (<= 2 anos),13,13121,464,0,4,6,60_64
12,13,2025,113301,P1220030,Mujeres 50 a 54 anos con mamografia vigente (<= 2 anos),13,13129,641,0,9,149,50_54
12,13,2025,113301,P1207030,Mujeres 55 a 59 anos con mamografia vigente (<= 2 anos),13,13129,663,2,13,148,55_59
6,13,2025,113412,P1220030,Mujeres 50 a 54 anos con mamografia vigente (<= 2 anos),13,13404,38,0,1,0,50_54
6,13,2025,113412,P1207030,Mujeres 55 a 59 anos con mamografia vigente (<= 2 anos),13,13404,52,0,0,0,55_59
6,13,2025,113412,P1207040,Mujeres 60 a 64 anos con mamografia vigente (<= 2 anos),13,13404,37,0,0,0,60_64
12,13,2025,113413,P1220030,Mujeres 50 a 54 anos con mamografia vigente (<= 2 anos),13,13403,2,0,0,0,50_54
12,13,2025,113413,P1207030,Mujeres 55 a 59 anos con mamografia vigente (<= 2 anos),13,13403,3,0,0,0,55_59
12,13,2025,113413,P1207040,Mujeres 60 a 64 anos con mamografia vigente (<= 2 anos),13,13403,4,0,0,0,60_64
12,13,2025,113301,P1207040,Mujeres 60 a 64 anos con mamografia vigente (<= 2 anos),13,13129,743,0,9,111,60_64
12,13,2025,113301,P1207050,Mujeres 65 a 69 anos con mamografia vigente (<= 2 anos),13,13129,470,0,7,73,65_69
12,13,2025,113308,P1220030,Mujeres 50 a 54 anos con mamografia vigente (<= 2 anos),13,13116,130,0,0,0,50_54
12,13,2025,113308,P1207030,Mujeres 55 a 59 anos con mamografia vigente (<= 2 anos),13,13116,159,0,0,0,55_59
12,13,2025,113314,P1220030,Mujeres 50 a 54 anos con mamografia vigente (<= 2 anos),13,13105,581,0,9,24,50_54
12,13,2025,113314,P1207030,Mujeres 55 a 59 anos con mamografia vigente (<= 2 anos),13,13105,670,0,14,24,55_59
12,13,2025,113314,P1207040,Mujeres 60 a 64 anos con mamografia vigente (<= 2 anos),13,13105,584,0,12,22,60_64
12,13,2025,113314,P1207050,Mujeres 65 a 69 anos con mamografia vigente (<= 2 anos),13,13105,256,0,5,7,65_69
12,13,2025,113390,P1220030,Mujeres 50 a 54 anos con mamografia vigente (<= 2 anos),13,13402,582,0,0,0,50_54
12,13,2025,113390,P1207030,Mujeres 55 a 59 anos con mamografia vigente (<= 2 anos),13,13402,560,0,0,0,55_59
12,13,2025,113390,P1207040,Mujeres 60 a 64 anos con mamografia vigente (<= 2 anos),13,13402,545,0,0,0,60_64
12,13,2025,113390,P1207050,Mujeres 65 a 69 anos con mamografia vigente (<= 2 anos),13,13402,293,0,0,0,65_69
6,13,2025,113318,P1220030,Mujeres 50 a 54 anos con mamografia vigente (<= 2 anos),13,13404,752,0,18,29,50_54
6,13,2025,113318,P1207030,Mujeres 55 a 59 anos con mamografia vigente (<= 2 anos),13,13404,681,0,17,18,55_59
6,13,2025,113318,P1207040,Mujeres 60 a 64 anos con mamografia vigente (<= 2 anos),13,13404,616,0,11,14,60_64
6,13,2025,113318,P1207050,Mujeres 65 a 69 anos con mamografia vigente (<= 2 anos),13,13404,260,0,3,2,65_69
6,13,2025,113332,P1207040,Mujeres 60 a 64 anos con mamografia vigente (<= 2 anos),13,13401,277,0,0,0,60_64
6,13,2025,113332,P1207050,Mujeres 65 a 69 anos con mamografia vigente (<= 2 anos),13,13401,107,0,0,0,65_69
6,13,2025,113412,P1207050,Mujeres 65 a 69 anos con mamografia vigente (<= 2 anos),13,13404,20,0,0,0,65_69
6,13,2025,113330,P1220030,Mujeres 50 a 54 anos con mamografia vigente (<= 2 anos),13,13401,438,0,38,5,50_54
6,13,2025,113330,P1207030,Mujeres 55 a 59 anos con mamografia vigente (<= 2 anos),13,13401,365,0,43,6,55_59
6,13,2025,113330,P1207040,Mujeres 60 a 64 anos con mamografia vigente (<= 2 anos),13,13401,321,0,16,4,60_64
6,13,2025,113330,P1207050,Mujeres 65 a 69 anos con mamografia vigente (<= 2 anos),13,13401,127,0,6,1,65_69
6,13,2025,113329,P1220030,Mujeres 50 a 54 anos con mamografia vigente (<= 2 anos),13,13105,245,0,5,6,50_54
6,13,2025,113329,P1207030,Mujeres 55 a 59 anos con mamografia vigente (<= 2 anos),13,13105,187,0,3,7,55_59
6,13,2025,113329,P1207040,Mujeres 60 a 64 anos con mamografia vigente (<= 2 anos),13,13105,185,0,3,7,60_64
6,13,2025,113329,P1207050,Mujeres 65 a 69 anos con mamografia vigente (<= 2 anos),13,13105,123,0,1,2,65_69
6,13,2025,113324,P1220030,Mujeres 50 a 54 anos con mamografia vigente (<= 2 anos),13,13105,390,0,0,25,50_54
6,13,2025,113324,P1207030,Mujeres 55 a 59 anos con mamografia vigente (<= 2 anos),13,13105,326,0,0,19,55_59
6,13,2025,113311,P1220030,Mujeres 50 a 54 anos con mamografia vigente (<= 2 anos),13,13109,568,0,20,120,50_54
6,13,2025,113311,P1207030,Mujeres 55 a 59 anos con mamografia vigente (<= 2 anos),13,13109,545,0,12,100,55_59
6,13,2025,113405,P1220030,Mujeres 50 a 54 anos con mamografia vigente (<= 2 anos),13,13402,88,0,0,0,50_54
6,13,2025,113405,P1207030,Mujeres 55 a 59 anos con mamografia vigente (<= 2 anos),13,13402,76,0,0,0,55_59
6,13,2025,113405,P1207040,Mujeres 60 a 64 anos con mamografia vigente (<= 2 anos),13,13402,83,0,0,0,60_64
6,13,2025,113405,P1207050,Mujeres 65 a 69 anos con mamografia vigente (<= 2 anos),13,13402,36,0,0,0,65_69
6,13,2025,113315,P1220030,Mujeres 50 a 54 anos con mamografia vigente (<= 2 anos),13,13401,303,0,0,0,50_54
6,13,2025,113315,P1207030,Mujeres 55 a 59 anos con mamografia vigente (<= 2 anos),13,13401,243,0,0,0,55_59
6,13,2025,113315,P1207040,Mujeres 60 a 64 anos con mamografia vigente (<= 2 anos),13,13401,202,0,0,0,60_64
6,13,2025,113310,P1220030,Mujeres 50 a 54 anos con mamografia vigente (<= 2 anos),13,13116,183,0,4,1,50_54
6,13,2025,113310,P1207030,Mujeres 55 a 59 anos con mamografia vigente (<= 2 anos),13,13116,197,0,2,1,55_59
6,13,2025,113310,P1207040,Mujeres 60 a 64 anos con mamografia vigente (<= 2 anos),13,13116,273,0,5,1,60_64
6,13,2025,113314,P1220030,Mujeres 50 a 54 anos con mamografia vigente (<= 2 anos),13,13105,468,0,12,18,50_54
6,13,2025,113314,P1207030,Mujeres 55 a 59 anos con mamografia vigente (<= 2 anos),13,13105,538,0,12,16,55_59
6,13,2025,113314,P1207040,Mujeres 60 a 64 anos con mamografia vigente (<= 2 anos),13,13105,471,0,8,18,60_64
6,13,2025,113314,P1207050,Mujeres 65 a 69 anos con mamografia vigente (<= 2 anos),13,13105,164,0,2,6,65_69
12,14,2025,114330,P1220030,Mujeres 50 a 54 anos con mamografia vigente (<= 2 anos),13,13110,288,0,10,6,50_54
12,14,2025,114330,P1207030,Mujeres 55 a 59 anos con mamografia vigente (<= 2 anos),13,13110,287,0,10,6,55_59
12,14,2025,114330,P1207040,Mujeres 60 a 64 anos con mamografia vigente (<= 2 anos),13,13110,310,0,5,1,60_64
12,14,2025,114330,P1207050,Mujeres 65 a 69 anos con mamografia vigente (<= 2 anos),13,13110,235,0,4,2,65_69
6,14,2025,114313,P1220030,Mujeres 50 a 54 anos con mamografia vigente (<= 2 anos),13,13201,193,0,0,0,50_54
6,14,2025,114313,P1207030,Mujeres 55 a 59 anos con mamografia vigente (<= 2 anos),13,13201,163,0,0,0,55_59
6,14,2025,114313,P1207040,Mujeres 60 a 64 anos con mamografia vigente (<= 2 anos),13,13201,134,0,0,0,60_64
6,14,2025,114313,P1207050,Mujeres 65 a 69 anos con mamografia vigente (<= 2 anos),13,13201,92,0,0,0,65_69
6,14,2025,114406,P1220030,Mujeres 50 a 54 anos con mamografia vigente (<= 2 anos),13,13202,5,0,0,0,50_54
6,14,2025,114406,P1207030,Mujeres 55 a 59 anos con mamografia vigente (<= 2 anos),13,13202,5,0,0,0,55_59
6,14,2025,114302,P1207050,Mujeres 65 a 69 anos con mamografia vigente (<= 2 anos),13,13110,143,0,6,7,65_69
12,14,2025,114325,P1220030,Mujeres 50 a 54 anos con mamografia vigente (<= 2 anos),13,13111,699,0,61,7,50_54
12,14,2025,114325,P1207030,Mujeres 55 a 59 anos con mamografia vigente (<= 2 anos),13,13111,773,0,54,3,55_59
12,14,2025,114325,P1207040,Mujeres 60 a 64 anos con mamografia vigente (<= 2 anos),13,13111,932,0,87,2,60_64
12,14,2025,114325,P1207050,Mujeres 65 a 69 anos con mamografia vigente (<= 2 anos),13,13111,615,0,19,1,65_69
6,14,2025,114303,P1220030,Mujeres 50 a 54 anos con mamografia vigente (<= 2 anos),13,13110,216,0,7,36,50_54
6,14,2025,114303,P1207030,Mujeres 55 a 59 anos con mamografia vigente (<= 2 anos),13,13110,255,0,3,44,55_59
6,14,2025,114303,P1207040,Mujeres 60 a 64 anos con mamografia vigente (<= 2 anos),13,13110,304,0,3,45,60_64
12,14,2025,114714,P1220030,Mujeres 50 a 54 anos con mamografia vigente (<= 2 anos),13,13131,66,0,0,8,50_54
12,14,2025,114714,P1207030,Mujeres 55 a 59 anos con mamografia vigente (<= 2 anos),13,13131,84,0,0,9,55_59
12,14,2025,114714,P1207040,Mujeres 60 a 64 anos con mamografia vigente (<= 2 anos),13,13131,98,0,0,7,60_64
12,14,2025,114714,P1207050,Mujeres 65 a 69 anos con mamografia vigente (<= 2 anos),13,13131,67,0,0,2,65_69
6,14,2025,114328,P1220030,Mujeres 50 a 54 anos con mamografia vigente (<= 2 anos),13,13131,411,0,31,4,50_54
6,14,2025,114328,P1207030,Mujeres 55 a 59 anos con mamografia vigente (<= 2 anos),13,13131,334,0,23,4,55_59
6,14,2025,114328,P1207040,Mujeres 60 a 64 anos con mamografia vigente (<= 2 anos),13,13131,232,0,10,4,60_64
6,14,2025,114328,P1207050,Mujeres 65 a 69 anos con mamografia vigente (<= 2 anos),13,13131,153,0,7,2,65_69
6,14,2025,114303,P1207050,Mujeres 65 a 69 anos con mamografia vigente (<= 2 anos),13,13110,202,0,5,20,65_69
6,14,2025,114403,P1220030,Mujeres 50 a 54 anos con mamografia vigente (<= 2 anos),13,13202,3,0,0,0,50_54
6,14,2025,114403,P1207030,Mujeres 55 a 59 anos con mamografia vigente (<= 2 anos),13,13202,6,0,0,0,55_59
6,14,2025,114403,P1207040,Mujeres 60 a 64 anos con mamografia vigente (<= 2 anos),13,13202,3,0,0,0,60_64
6,14,2025,114403,P1207050,Mujeres 65 a 69 anos con mamografia vigente (<= 2 anos),13,13202,5,0,0,0,65_69
12,14,2025,114334,P1207030,Mujeres 55 a 59 anos con mamografia vigente (<= 2 anos),13,13110,354,0,13,6,55_59
12,14,2025,114334,P1207040,Mujeres 60 a 64 anos con mamografia vigente (<= 2 anos),13,13110,425,0,14,3,60_64
12,14,2025,114334,P1207050,Mujeres 65 a 69 anos con mamografia vigente (<= 2 anos),13,13110,318,0,6,3,65_69
12,14,2025,114334,P1220030,Mujeres 50 a 54 anos con mamografia vigente (<= 2 anos),13,13110,295,0,2,7,50_54
6,14,2025,114324,P1220030,Mujeres 50 a 54 anos con mamografia vigente (<= 2 anos),13,13110,242,0,6,21,50_54
6,14,2025,114325,P1220030,Mujeres 50 a 54 anos con mamografia vigente (<= 2 anos),13,13111,832,0,20,11,50_54
6,14,2025,114325,P1207030,Mujeres 55 a 59 anos con mamografia vigente (<= 2 anos),13,13111,754,0,32,11,55_59
6,14,2025,114325,P1207040,Mujeres 60 a 64 anos con mamografia vigente (<= 2 anos),13,13111,893,0,32,4,60_64
6,14,2025,114314,P1220030,Mujeres 50 a 54 anos con mamografia vigente (<= 2 anos),13,13131,414,0,0,0,50_54
6,14,2025,114325,P1207050,Mujeres 65 a 69 anos con mamografia vigente (<= 2 anos),13,13111,623,0,24,1,65_69
6,14,2025,114314,P1207030,Mujeres 55 a 59 anos con mamografia vigente (<= 2 anos),13,13131,475,0,0,0,55_59
6,14,2025,114316,P1220030,Mujeres 50 a 54 anos con mamografia vigente (<= 2 anos),13,13110,226,0,2,17,50_54
6,14,2025,114324,P1207030,Mujeres 55 a 59 anos con mamografia vigente (<= 2 anos),13,13110,291,0,5,25,55_59
6,14,2025,114324,P1207040,Mujeres 60 a 64 anos con mamografia vigente (<= 2 anos),13,13110,264,0,3,18,60_64
6,14,2025,114324,P1207050,Mujeres 65 a 69 anos con mamografia vigente (<= 2 anos),13,13110,188,0,5,9,65_69
6,14,2025,114410,P1220030,Mujeres 50 a 54 anos con mamografia vigente (<= 2 anos),13,13203,15,0,0,0,50_54
6,14,2025,114410,P1207030,Mujeres 55 a 59 anos con mamografia vigente (<= 2 anos),13,13203,10,0,0,0,55_59
6,14,2025,114316,P1207030,Mujeres 55 a 59 anos con mamografia vigente (<= 2 anos),13,13110,234,0,5,16,55_59
6,14,2025,114316,P1207040,Mujeres 60 a 64 anos con mamografia vigente (<= 2 anos),13,13110,358,0,3,11,60_64
6,14,2025,114316,P1207050,Mujeres 65 a 69 anos con mamografia vigente (<= 2 anos),13,13110,344,0,2,6,65_69
6,14,2025,114410,P1207040,Mujeres 60 a 64 anos con mamografia vigente (<= 2 anos),13,13203,10,0,0,0,60_64
6,14,2025,114410,P1207050,Mujeres 65 a 69 anos con mamografia vigente (<= 2 anos),13,13203,9,0,0,0,65_69
6,14,2025,114333,P1220030,Mujeres 50 a 54 anos con mamografia vigente (<= 2 anos),13,13202,144,0,4,0,50_54
6,14,2025,114333,P1207030,Mujeres 55 a 59 anos con mamografia vigente (<= 2 anos),13,13202,161,0,5,2,55_59
6,14,2025,114333,P1207040,Mujeres 60 a 64 anos con mamografia vigente (<= 2 anos),13,13202,137,0,0,0,60_64
12,14,2025,114316,P1220030,Mujeres 50 a 54 anos con mamografia vigente (<= 2 anos),13,13110,303,0,7,10,50_54
12,14,2025,114316,P1207030,Mujeres 55 a 59 anos con mamografia vigente (<= 2 anos),13,13110,334,0,4,9,55_59
12,14,2025,114331,P1220030,Mujeres 50 a 54 anos con mamografia vigente (<= 2 anos),13,13110,321,0,12,7,50_54
12,14,2025,114331,P1207030,Mujeres 55 a 59 anos con mamografia vigente (<= 2 anos),13,13110,328,0,14,7,55_59
12,14,2025,114331,P1207040,Mujeres 60 a 64 anos con mamografia vigente (<= 2 anos),13,13110,356,0,14,11,60_64
12,14,2025,114331,P1207050,Mujeres 65 a 69 anos con mamografia vigente (<= 2 anos),13,13110,311,0,12,4,65_69
6,14,2025,114333,P1207050,Mujeres 65 a 69 anos con mamografia vigente (<= 2 anos),13,13202,58,0,1,0,65_69
12,14,2025,114316,P1207040,Mujeres 60 a 64 anos con mamografia vigente (<= 2 anos),13,13110,511,0,5,5,60_64
12,14,2025,114316,P1207050,Mujeres 65 a 69 anos con mamografia vigente (<= 2 anos),13,13110,294,0,7,1,65_69
6,14,2025,114407,P1220030,Mujeres 50 a 54 anos con mamografia vigente (<= 2 anos),13,13203,19,0,2,0,50_54
6,14,2025,114407,P1207030,Mujeres 55 a 59 anos con mamografia vigente (<= 2 anos),13,13203,19,0,0,0,55_59
6,14,2025,114407,P1207040,Mujeres 60 a 64 anos con mamografia vigente (<= 2 anos),13,13203,19,0,0,0,60_64
6,14,2025,114407,P1207050,Mujeres 65 a 69 anos con mamografia vigente (<= 2 anos),13,13203,22,0,0,0,65_69
6,14,2025,114306,P1220030,Mujeres 50 a 54 anos con mamografia vigente (<= 2 anos),13,13111,179,0,12,11,50_54
6,14,2025,114306,P1207030,Mujeres 55 a 59 anos con mamografia vigente (<= 2 anos),13,13111,150,0,10,10,55_59
6,14,2025,114306,P1207040,Mujeres 60 a 64 anos con mamografia vigente (<= 2 anos),13,13111,134,0,17,4,60_64
12,14,2025,114304,P1220030,Mujeres 50 a 54 anos con mamografia vigente (<= 2 anos),13,13110,482,0,14,4,50_54
12,14,2025,114304,P1207030,Mujeres 55 a 59 anos con mamografia vigente (<= 2 anos),13,13110,499,0,8,2,55_59
12,14,2025,114304,P1207040,Mujeres 60 a 64 anos con mamografia vigente (<= 2 anos),13,13110,463,0,8,6,60_64
12,14,2025,114301,P1220030,Mujeres 50 a 54 anos con mamografia vigente (<= 2 anos),13,13201,192,0,14,0,50_54
12,14,2025,114304,P1207050,Mujeres 65 a 69 anos con mamografia vigente (<= 2 anos),13,13110,263,0,8,1,65_69
12,14,2025,114305,P1220030,Mujeres 50 a 54 anos con mamografia vigente (<= 2 anos),13,13110,351,0,17,7,50_54
12,14,2025,114305,P1207030,Mujeres 55 a 59 anos con mamografia vigente (<= 2 anos),13,13110,300,0,10,2,55_59
12,14,2025,114305,P1207040,Mujeres 60 a 64 anos con mamografia vigente (<= 2 anos),13,13110,494,0,14,1,60_64
12,14,2025,114305,P1207050,Mujeres 65 a 69 anos con mamografia vigente (<= 2 anos),13,13110,449,0,21,1,65_69
12,14,2025,114302,P1220030,Mujeres 50 a 54 anos con mamografia vigente (<= 2 anos),13,13110,329,0,13,2,50_54
12,14,2025,114301,P1207030,Mujeres 55 a 59 anos con mamografia vigente (<= 2 anos),13,13201,195,0,9,1,55_59
12,14,2025,114301,P1207040,Mujeres 60 a 64 anos con mamografia vigente (<= 2 anos),13,13201,216,0,14,0,60_64
12,14,2025,114301,P1207050,Mujeres 65 a 69 anos con mamografia vigente (<= 2 anos),13,13201,142,0,5,0,65_69
12,14,2025,114311,P1207050,Mujeres 65 a 69 anos con mamografia vigente (<= 2 anos),13,13112,158,0,0,0,65_69
12,14,2025,114796,P1220030,Mujeres 50 a 54 anos con mamografia vigente (<= 2 anos),13,13111,47,0,0,0,50_54
12,14,2025,114796,P1207030,Mujeres 55 a 59 anos con mamografia vigente (<= 2 anos),13,13111,23,0,0,0,55_59
12,14,2025,114796,P1207040,Mujeres 60 a 64 anos con mamografia vigente (<= 2 anos),13,13111,37,0,0,0,60_64
12,14,2025,114796,P1207050,Mujeres 65 a 69 anos con mamografia vigente (<= 2 anos),13,13111,19,0,0,0,65_69
12,14,2025,200475,P1220030,Mujeres 50 a 54 anos con mamografia vigente (<= 2 anos),13,13110,8,0,0,0,50_54
12,14,2025,200475,P1207030,Mujeres 55 a 59 anos con mamografia vigente (<= 2 anos),13,13110,5,0,0,0,55_59
12,14,2025,200475,P1207040,Mujeres 60 a 64 anos con mamografia vigente (<= 2 anos),13,13110,15,0,0,0,60_64
12,14,2025,200475,P1207050,Mujeres 65 a 69 anos con mamografia vigente (<= 2 anos),13,13110,12,0,0,0,65_69
6,14,2025,114406,P1207040,Mujeres 60 a 64 anos con mamografia vigente (<= 2 anos),13,13202,10,0,0,0,60_64
6,14,2025,114406,P1207050,Mujeres 65 a 69 anos con mamografia vigente (<= 2 anos),13,13202,5,0,0,1,65_69
12,14,2025,114407,P1207040,Mujeres 60 a 64 anos con mamografia vigente (<= 2 anos),13,13203,31,0,0,0,60_64
12,14,2025,114407,P1207050,Mujeres 65 a 69 anos con mamografia vigente (<= 2 anos),13,13203,18,0,0,0,65_69
6,14,2025,114322,P1220030,Mujeres 50 a 54 anos con mamografia vigente (<= 2 anos),13,13201,495,0,0,0,50_54
6,14,2025,114322,P1207030,Mujeres 55 a 59 anos con mamografia vigente (<= 2 anos),13,13201,590,0,0,0,55_59
6,14,2025,114322,P1207040,Mujeres 60 a 64 anos con mamografia vigente (<= 2 anos),13,13201,708,0,0,0,60_64
6,14,2025,114322,P1207050,Mujeres 65 a 69 anos con mamografia vigente (<= 2 anos),13,13201,446,0,0,0,65_69
12,14,2025,114319,P1220030,Mujeres 50 a 54 anos con mamografia vigente (<= 2 anos),13,13112,300,0,10,9,50_54
12,14,2025,114319,P1207030,Mujeres 55 a 59 anos con mamografia vigente (<= 2 anos),13,13112,253,0,13,5,55_59
12,14,2025,114319,P1207040,Mujeres 60 a 64 anos con mamografia vigente (<= 2 anos),13,13112,319,0,13,2,60_64
12,14,2025,114319,P1207050,Mujeres 65 a 69 anos con mamografia vigente (<= 2 anos),13,13112,279,0,7,4,65_69
12,14,2025,114315,P1220030,Mujeres 50 a 54 anos con mamografia vigente (<= 2 anos),13,13111,338,0,2,6,50_54
12,14,2025,114315,P1207030,Mujeres 55 a 59 anos con mamografia vigente (<= 2 anos),13,13111,366,0,1,6,55_59
12,14,2025,114315,P1207040,Mujeres 60 a 64 anos con mamografia vigente (<= 2 anos),13,13111,343,0,1,2,60_64
12,14,2025,114315,P1207050,Mujeres 65 a 69 anos con mamografia vigente (<= 2 anos),13,13111,297,0,1,2,65_69
6,14,2025,114319,P1220030,Mujeres 50 a 54 anos con mamografia vigente (<= 2 anos),13,13112,454,0,0,0,50_54
6,14,2025,114319,P1207030,Mujeres 55 a 59 anos con mamografia vigente (<= 2 anos),13,13112,387,0,0,0,55_59
6,14,2025,114319,P1207040,Mujeres 60 a 64 anos con mamografia vigente (<= 2 anos),13,13112,467,0,0,0,60_64
6,14,2025,114319,P1207050,Mujeres 65 a 69 anos con mamografia vigente (<= 2 anos),13,13112,448,0,0,0,65_69
6,14,2025,114323,P1207050,Mujeres 65 a 69 anos con mamografia vigente (<= 2 anos),13,13201,98,0,0,0,65_69
12,14,2025,114302,P1207030,Mujeres 55 a 59 anos con mamografia vigente (<= 2 anos),13,13110,334,0,17,4,55_59
12,14,2025,114302,P1207040,Mujeres 60 a 64 anos con mamografia vigente (<= 2 anos),13,13110,309,0,14,3,60_64
12,14,2025,114302,P1207050,Mujeres 65 a 69 anos con mamografia vigente (<= 2 anos),13,13110,221,0,11,0,65_69
12,14,2025,114308,P1220030,Mujeres 50 a 54 anos con mamografia vigente (<= 2 anos),13,13112,223,0,12,1,50_54
12,14,2025,114308,P1207030,Mujeres 55 a 59 anos con mamografia vigente (<= 2 anos),13,13112,221,0,19,1,55_59
12,14,2025,114308,P1207040,Mujeres 60 a 64 anos con mamografia vigente (<= 2 anos),13,13112,194,0,12,0,60_64
12,14,2025,114308,P1207050,Mujeres 65 a 69 anos con mamografia vigente (<= 2 anos),13,13112,109,0,4,0,65_69
6,14,2025,114308,P1220030,Mujeres 50 a 54 anos con mamografia vigente (<= 2 anos),13,13112,209,0,22,6,50_54
6,14,2025,114301,P1207050,Mujeres 65 a 69 anos con mamografia vigente (<= 2 anos),13,13201,756,0,0,0,65_69
6,14,2025,114308,P1207030,Mujeres 55 a 59 anos con mamografia vigente (<= 2 anos),13,13112,153,0,10,0,55_59
6,14,2025,114308,P1207040,Mujeres 60 a 64 anos con mamografia vigente (<= 2 anos),13,13112,130,0,7,0,60_64
12,14,2025,114410,P1220030,Mujeres 50 a 54 anos con mamografia vigente (<= 2 anos),13,13203,3,0,0,0,50_54
12,14,2025,114410,P1207030,Mujeres 55 a 59 anos con mamografia vigente (<= 2 anos),13,13203,4,0,0,0,55_59
12,14,2025,114410,P1207040,Mujeres 60 a 64 anos con mamografia vigente (<= 2 anos),13,13203,3,0,0,0,60_64
12,14,2025,114410,P1207050,Mujeres 65 a 69 anos con mamografia vigente (<= 2 anos),13,13203,4,0,0,0,65_69
12,14,2025,114318,P1207040,Mujeres 60 a 64 anos con mamografia vigente (<= 2 anos),13,13112,83,0,0,0,60_64
12,14,2025,114318,P1207050,Mujeres 65 a 69 anos con mamografia vigente (<= 2 anos),13,13112,64,0,1,0,65_69
6,14,2025,114315,P1220030,Mujeres 50 a 54 anos con mamografia vigente (<= 2 anos),13,13111,89,0,0,12,50_54
6,14,2025,114315,P1207030,Mujeres 55 a 59 anos con mamografia vigente (<= 2 anos),13,13111,54,0,0,3,55_59
6,14,2025,114315,P1207040,Mujeres 60 a 64 anos con mamografia vigente (<= 2 anos),13,13111,37,0,0,2,60_64
6,14,2025,114315,P1207050,Mujeres 65 a 69 anos con mamografia vigente (<= 2 anos),13,13111,13,0,0,6,65_69
12,14,2025,114323,P1220030,Mujeres 50 a 54 anos con mamografia vigente (<= 2 anos),13,13201,273,0,7,11,50_54
6,14,2025,114308,P1207050,Mujeres 65 a 69 anos con mamografia vigente (<= 2 anos),13,13112,69,0,3,1,65_69
6,14,2025,114301,P1220030,Mujeres 50 a 54 anos con mamografia vigente (<= 2 anos),13,13201,852,0,0,0,50_54
6,14,2025,114301,P1207030,Mujeres 55 a 59 anos con mamografia vigente (<= 2 anos),13,13201,971,0,0,0,55_59
6,14,2025,114301,P1207040,Mujeres 60 a 64 anos con mamografia vigente (<= 2 anos),13,13201,1181,0,0,0,60_64
6,14,2025,114317,P1220030,Mujeres 50 a 54 anos con mamografia vigente (<= 2 anos),13,13112,300,0,30,13,50_54
6,14,2025,114317,P1207030,Mujeres 55 a 59 anos con mamografia vigente (<= 2 anos),13,13112,293,0,18,11,55_59
6,14,2025,114317,P1207040,Mujeres 60 a 64 anos con mamografia vigente (<= 2 anos),13,13112,384,0,30,6,60_64
6,14,2025,114317,P1207050,Mujeres 65 a 69 anos con mamografia vigente (<= 2 anos),13,13112,214,0,15,2,65_69
12,14,2025,114306,P1220030,Mujeres 50 a 54 anos con mamografia vigente (<= 2 anos),13,13111,117,0,12,11,50_54
12,14,2025,114102,P1220030,Mujeres 50 a 54 anos con mamografia vigente (<= 2 anos),13,13203,103,0,4,2,50_54
12,14,2025,114102,P1207030,Mujeres 55 a 59 anos con mamografia vigente (<= 2 anos),13,13203,101,0,1,2,55_59
12,14,2025,114102,P1207040,Mujeres 60 a 64 anos con mamografia vigente (<= 2 anos),13,13203,110,0,0,2,60_64
12,14,2025,114102,P1207050,Mujeres 65 a 69 anos con mamografia vigente (<= 2 anos),13,13203,66,0,2,1,65_69
6,14,2025,114102,P1220030,Mujeres 50 a 54 anos con mamografia vigente (<= 2 anos),13,13203,95,0,1,2,50_54
6,14,2025,114102,P1207030,Mujeres 55 a 59 anos con mamografia vigente (<= 2 anos),13,13203,79,0,2,1,55_59
12,14,2025,114307,P1220030,Mujeres 50 a 54 anos con mamografia vigente (<= 2 anos),13,13131,121,0,0,0,50_54
12,14,2025,114307,P1207030,Mujeres 55 a 59 anos con mamografia vigente (<= 2 anos),13,13131,80,0,0,0,55_59
12,14,2025,114307,P1207040,Mujeres 60 a 64 anos con mamografia vigente (<= 2 anos),13,13131,58,0,0,0,60_64
12,14,2025,114307,P1207050,Mujeres 65 a 69 anos con mamografia vigente (<= 2 anos),13,13131,30,0,0,0,65_69
12,14,2025,114323,P1207030,Mujeres 55 a 59 anos con mamografia vigente (<= 2 anos),13,13201,226,0,10,10,55_59
12,14,2025,114323,P1207040,Mujeres 60 a 64 anos con mamografia vigente (<= 2 anos),13,13201,211,0,3,10,60_64
12,14,2025,114323,P1207050,Mujeres 65 a 69 anos con mamografia vigente (<= 2 anos),13,13201,104,0,3,4,65_69
12,14,2025,114309,P1220030,Mujeres 50 a 54 anos con mamografia vigente (<= 2 anos),13,13112,661,0,32,2,50_54
12,14,2025,114309,P1207030,Mujeres 55 a 59 anos con mamografia vigente (<= 2 anos),13,13112,497,0,22,7,55_59
12,14,2025,114309,P1207040,Mujeres 60 a 64 anos con mamografia vigente (<= 2 anos),13,13112,359,0,12,0,60_64
12,14,2025,114309,P1207050,Mujeres 65 a 69 anos con mamografia vigente (<= 2 anos),13,13112,136,0,12,10,65_69
12,14,2025,114313,P1220030,Mujeres 50 a 54 anos con mamografia vigente (<= 2 anos),13,13201,242,0,2,3,50_54
12,14,2025,114313,P1207030,Mujeres 55 a 59 anos con mamografia vigente (<= 2 anos),13,13201,190,0,2,1,55_59
12,14,2025,114313,P1207040,Mujeres 60 a 64 anos con mamografia vigente (<= 2 anos),13,13201,157,0,0,0,60_64
12,14,2025,114313,P1207050,Mujeres 65 a 69 anos con mamografia vigente (<= 2 anos),13,13201,119,0,0,0,65_69
6,14,2025,114102,P1207040,Mujeres 60 a 64 anos con mamografia vigente (<= 2 anos),13,13203,93,0,2,2,60_64
6,14,2025,114102,P1207050,Mujeres 65 a 69 anos con mamografia vigente (<= 2 anos),13,13203,41,0,1,1,65_69
12,14,2025,114328,P1220030,Mujeres 50 a 54 anos con mamografia vigente (<= 2 anos),13,13131,427,0,42,16,50_54
12,14,2025,114328,P1207030,Mujeres 55 a 59 anos con mamografia vigente (<= 2 anos),13,13131,367,0,17,3,55_59
12,14,2025,114328,P1207040,Mujeres 60 a 64 anos con mamografia vigente (<= 2 anos),13,13131,241,0,15,5,60_64
12,14,2025,114328,P1207050,Mujeres 65 a 69 anos con mamografia vigente (<= 2 anos),13,13131,136,0,7,4,65_69
12,14,2025,114312,P1220030,Mujeres 50 a 54 anos con mamografia vigente (<= 2 anos),13,13201,130,0,2,0,50_54
12,14,2025,114312,P1207030,Mujeres 55 a 59 anos con mamografia vigente (<= 2 anos),13,13201,131,0,1,1,55_59
12,14,2025,114312,P1207040,Mujeres 60 a 64 anos con mamografia vigente (<= 2 anos),13,13201,115,0,5,0,60_64
12,14,2025,114312,P1207050,Mujeres 65 a 69 anos con mamografia vigente (<= 2 anos),13,13201,77,0,3,1,65_69
6,14,2025,114305,P1220030,Mujeres 50 a 54 anos con mamografia vigente (<= 2 anos),13,13110,311,0,12,15,50_54
6,14,2025,114305,P1207030,Mujeres 55 a 59 anos con mamografia vigente (<= 2 anos),13,13110,277,0,16,4,55_59
6,14,2025,114305,P1207040,Mujeres 60 a 64 anos con mamografia vigente (<= 2 anos),13,13110,443,0,10,10,60_64
6,14,2025,114305,P1207050,Mujeres 65 a 69 anos con mamografia vigente (<= 2 anos),13,13110,416,0,11,6,65_69
12,14,2025,114310,P1220030,Mujeres 50 a 54 anos con mamografia vigente (<= 2 anos),13,13202,90,0,0,0,50_54
12,14,2025,114310,P1207030,Mujeres 55 a 59 anos con mamografia vigente (<= 2 anos),13,13202,122,0,1,4,55_59
12,14,2025,114310,P1207040,Mujeres 60 a 64 anos con mamografia vigente (<= 2 anos),13,13202,108,0,2,0,60_64
12,14,2025,114310,P1207050,Mujeres 65 a 69 anos con mamografia vigente (<= 2 anos),13,13202,63,0,0,1,65_69
12,14,2025,114314,P1220030,Mujeres 50 a 54 anos con mamografia vigente (<= 2 anos),13,13131,332,0,0,35,50_54
12,14,2025,114314,P1207030,Mujeres 55 a 59 anos con mamografia vigente (<= 2 anos),13,13131,315,0,0,28,55_59
12,14,2025,114306,P1207030,Mujeres 55 a 59 anos con mamografia vigente (<= 2 anos),13,13111,76,0,10,10,55_59
12,14,2025,114303,P1220030,Mujeres 50 a 54 anos con mamografia vigente (<= 2 anos),13,13110,346,0,17,11,50_54
12,14,2025,114314,P1207040,Mujeres 60 a 64 anos con mamografia vigente (<= 2 anos),13,13131,355,0,0,15,60_64
12,14,2025,114314,P1207050,Mujeres 65 a 69 anos con mamografia vigente (<= 2 anos),13,13131,241,0,0,0,65_69
12,14,2025,114322,P1207050,Mujeres 65 a 69 anos con mamografia vigente (<= 2 anos),13,13201,88,0,0,0,65_69
12,14,2025,114322,P1220030,Mujeres 50 a 54 anos con mamografia vigente (<= 2 anos),13,13201,102,0,2,2,50_54
12,14,2025,114322,P1207030,Mujeres 55 a 59 anos con mamografia vigente (<= 2 anos),13,13201,125,0,4,0,55_59
12,14,2025,114322,P1207040,Mujeres 60 a 64 anos con mamografia vigente (<= 2 anos),13,13201,139,0,1,0,60_64
6,14,2025,114330,P1220030,Mujeres 50 a 54 anos con mamografia vigente (<= 2 anos),13,13110,219,0,2,20,50_54
12,14,2025,114306,P1207040,Mujeres 60 a 64 anos con mamografia vigente (<= 2 anos),13,13111,81,0,17,4,60_64
12,14,2025,114306,P1207050,Mujeres 65 a 69 anos con mamografia vigente (<= 2 anos),13,13111,44,0,14,3,65_69
12,14,2025,114333,P1220030,Mujeres 50 a 54 anos con mamografia vigente (<= 2 anos),13,13202,80,0,4,0,50_54
12,14,2025,114333,P1207030,Mujeres 55 a 59 anos con mamografia vigente (<= 2 anos),13,13202,80,0,2,1,55_59
6,14,2025,114706,P1220030,Mujeres 50 a 54 anos con mamografia vigente (<= 2 anos),13,13111,45,0,1,0,50_54
6,14,2025,114706,P1207030,Mujeres 55 a 59 anos con mamografia vigente (<= 2 anos),13,13111,34,0,1,3,55_59
6,14,2025,114706,P1207040,Mujeres 60 a 64 anos con mamografia vigente (<= 2 anos),13,13111,44,0,2,3,60_64
12,14,2025,114303,P1207030,Mujeres 55 a 59 anos con mamografia vigente (<= 2 anos),13,13110,407,0,26,24,55_59
12,14,2025,114303,P1207040,Mujeres 60 a 64 anos con mamografia vigente (<= 2 anos),13,13110,449,0,5,18,60_64
12,14,2025,114303,P1207050,Mujeres 65 a 69 anos con mamografia vigente (<= 2 anos),13,13110,343,0,6,10,65_69
12,14,2025,114332,P1220030,Mujeres 50 a 54 anos con mamografia vigente (<= 2 anos),13,13201,68,0,0,0,50_54
12,14,2025,114332,P1207030,Mujeres 55 a 59 anos con mamografia vigente (<= 2 anos),13,13201,67,0,0,0,55_59
6,14,2025,114796,P1220030,Mujeres 50 a 54 anos con mamografia vigente (<= 2 anos),13,13111,15,0,0,0,50_54
6,14,2025,114796,P1207030,Mujeres 55 a 59 anos con mamografia vigente (<= 2 anos),13,13111,9,0,0,0,55_59
12,14,2025,114317,P1220030,Mujeres 50 a 54 anos con mamografia vigente (<= 2 anos),13,13112,310,0,38,12,50_54
12,14,2025,114317,P1207030,Mujeres 55 a 59 anos con mamografia vigente (<= 2 anos),13,13112,299,0,22,11,55_59
12,14,2025,114317,P1207040,Mujeres 60 a 64 anos con mamografia vigente (<= 2 anos),13,13112,418,0,43,11,60_64
12,14,2025,114317,P1207050,Mujeres 65 a 69 anos con mamografia vigente (<= 2 anos),13,13112,281,0,21,2,65_69
6,14,2025,114796,P1207040,Mujeres 60 a 64 anos con mamografia vigente (<= 2 anos),13,13111,21,0,0,0,60_64
6,14,2025,114796,P1207050,Mujeres 65 a 69 anos con mamografia vigente (<= 2 anos),13,13111,16,0,0,0,65_69
6,14,2025,114329,P1220030,Mujeres 50 a 54 anos con mamografia vigente (<= 2 anos),13,13201,281,0,0,0,50_54
6,14,2025,114311,P1220030,Mujeres 50 a 54 anos con mamografia vigente (<= 2 anos),13,13112,269,0,0,0,50_54
12,14,2025,114327,P1207030,Mujeres 55 a 59 anos con mamografia vigente (<= 2 anos),13,13112,140,0,9,5,55_59
12,14,2025,114327,P1207040,Mujeres 60 a 64 anos con mamografia vigente (<= 2 anos),13,13112,165,0,9,3,60_64
12,14,2025,114327,P1207050,Mujeres 65 a 69 anos con mamografia vigente (<= 2 anos),13,13112,129,0,5,4,65_69
12,14,2025,114320,P1207040,Mujeres 60 a 64 anos con mamografia vigente (<= 2 anos),13,13201,95,0,3,0,60_64
12,14,2025,114320,P1207050,Mujeres 65 a 69 anos con mamografia vigente (<= 2 anos),13,13201,59,0,3,0,65_69
6,14,2025,114326,P1220030,Mujeres 50 a 54 anos con mamografia vigente (<= 2 anos),13,13201,322,0,0,0,50_54
6,14,2025,114326,P1207030,Mujeres 55 a 59 anos con mamografia vigente (<= 2 anos),13,13201,328,0,0,0,55_59
6,14,2025,114326,P1207040,Mujeres 60 a 64 anos con mamografia vigente (<= 2 anos),13,13201,255,0,0,0,60_64
6,14,2025,114326,P1207050,Mujeres 65 a 69 anos con mamografia vigente (<= 2 anos),13,13201,167,0,0,0,65_69
6,14,2025,114330,P1207040,Mujeres 60 a 64 anos con mamografia vigente (<= 2 anos),13,13110,143,0,1,4,60_64
6,14,2025,114330,P1207050,Mujeres 65 a 69 anos con mamografia vigente (<= 2 anos),13,13110,186,0,3,0,65_69
6,14,2025,114307,P1220030,Mujeres 50 a 54 anos con mamografia vigente (<= 2 anos),13,13131,247,0,0,0,50_54
6,14,2025,114307,P1207030,Mujeres 55 a 59 anos con mamografia vigente (<= 2 anos),13,13131,220,0,0,0,55_59
6,14,2025,114307,P1207040,Mujeres 60 a 64 anos con mamografia vigente (<= 2 anos),13,13131,150,0,0,0,60_64
6,14,2025,114307,P1207050,Mujeres 65 a 69 anos con mamografia vigente (<= 2 anos),13,13131,90,0,0,0,65_69
6,14,2025,114311,P1207030,Mujeres 55 a 59 anos con mamografia vigente (<= 2 anos),13,13112,228,0,0,0,55_59
6,14,2025,114311,P1207040,Mujeres 60 a 64 anos con mamografia vigente (<= 2 anos),13,13112,183,0,0,0,60_64
6,14,2025,114311,P1207050,Mujeres 65 a 69 anos con mamografia vigente (<= 2 anos),13,13112,127,0,0,0,65_69
12,14,2025,114320,P1220030,Mujeres 50 a 54 anos con mamografia vigente (<= 2 anos),13,13201,84,0,4,0,50_54
12,14,2025,114320,P1207030,Mujeres 55 a 59 anos con mamografia vigente (<= 2 anos),13,13201,65,0,1,0,55_59
6,14,2025,114706,P1207050,Mujeres 65 a 69 anos con mamografia vigente (<= 2 anos),13,13111,43,0,1,0,65_69
12,14,2025,114327,P1220030,Mujeres 50 a 54 anos con mamografia vigente (<= 2 anos),13,13112,163,0,9,10,50_54
12,14,2025,114403,P1220030,Mujeres 50 a 54 anos con mamografia vigente (<= 2 anos),13,13202,1,0,0,0,50_54
12,14,2025,114403,P1207030,Mujeres 55 a 59 anos con mamografia vigente (<= 2 anos),13,13202,8,0,0,0,55_59
12,14,2025,114403,P1207040,Mujeres 60 a 64 anos con mamografia vigente (<= 2 anos),13,13202,4,0,0,0,60_64
6,14,2025,114332,P1220030,Mujeres 50 a 54 anos con mamografia vigente (<= 2 anos),13,13201,331,0,0,0,50_54
6,14,2025,114332,P1207030,Mujeres 55 a 59 anos con mamografia vigente (<= 2 anos),13,13201,429,0,0,0,55_59
6,14,2025,114332,P1207040,Mujeres 60 a 64 anos con mamografia vigente (<= 2 anos),13,13201,542,0,0,0,60_64
6,14,2025,114309,P1220030,Mujeres 50 a 54 anos con mamografia vigente (<= 2 anos),13,13112,381,0,18,7,50_54
6,14,2025,114309,P1207030,Mujeres 55 a 59 anos con mamografia vigente (<= 2 anos),13,13112,334,0,20,1,55_59
6,14,2025,114309,P1207040,Mujeres 60 a 64 anos con mamografia vigente (<= 2 anos),13,13112,221,0,8,1,60_64
6,14,2025,114309,P1207050,Mujeres 65 a 69 anos con mamografia vigente (<= 2 anos),13,13112,111,0,3,0,65_69
6,14,2025,114314,P1207040,Mujeres 60 a 64 anos con mamografia vigente (<= 2 anos),13,13131,466,0,0,0,60_64
6,14,2025,114314,P1207050,Mujeres 65 a 69 anos con mamografia vigente (<= 2 anos),13,13131,238,0,0,0,65_69
12,14,2025,114403,P1207050,Mujeres 65 a 69 anos con mamografia vigente (<= 2 anos),13,13202,6,0,0,0,65_69
6,14,2025,114332,P1207050,Mujeres 65 a 69 anos con mamografia vigente (<= 2 anos),13,13201,366,0,0,0,65_69
6,14,2025,114401,P1220030,Mujeres 50 a 54 anos con mamografia vigente (<= 2 anos),13,13202,12,0,0,0,50_54
6,14,2025,114401,P1207030,Mujeres 55 a 59 anos con mamografia vigente (<= 2 anos),13,13202,12,0,0,0,55_59
6,14,2025,114401,P1207040,Mujeres 60 a 64 anos con mamografia vigente (<= 2 anos),13,13202,13,0,0,0,60_64
6,14,2025,114318,P1220030,Mujeres 50 a 54 anos con mamografia vigente (<= 2 anos),13,13112,148,0,0,0,50_54
6,14,2025,114318,P1207030,Mujeres 55 a 59 anos con mamografia vigente (<= 2 anos),13,13112,128,0,0,0,55_59
6,14,2025,114318,P1207040,Mujeres 60 a 64 anos con mamografia vigente (<= 2 anos),13,13112,111,0,0,0,60_64
6,14,2025,114318,P1207050,Mujeres 65 a 69 anos con mamografia vigente (<= 2 anos),13,13112,68,0,0,0,65_69
6,14,2025,114312,P1207040,Mujeres 60 a 64 anos con mamografia vigente (<= 2 anos),13,13201,591,0,0,0,60_64
6,14,2025,114312,P1207050,Mujeres 65 a 69 anos con mamografia vigente (<= 2 anos),13,13201,365,0,0,0,65_69
6,14,2025,114312,P1220030,Mujeres 50 a 54 anos con mamografia vigente (<= 2 anos),13,13201,589,0,0,0,50_54
6,14,2025,114312,P1207030,Mujeres 55 a 59 anos con mamografia vigente (<= 2 anos),13,13201,572,0,0,0,55_59
6,14,2025,114320,P1220030,Mujeres 50 a 54 anos con mamografia vigente (<= 2 anos),13,13201,368,0,0,0,50_54
6,14,2025,114320,P1207030,Mujeres 55 a 59 anos con mamografia vigente (<= 2 anos),13,13201,390,0,0,0,55_59
6,14,2025,114320,P1207040,Mujeres 60 a 64 anos con mamografia vigente (<= 2 anos),13,13201,325,0,0,0,60_64
6,14,2025,114320,P1207050,Mujeres 65 a 69 anos con mamografia vigente (<= 2 anos),13,13201,99,0,0,0,65_69
6,14,2025,114304,P1220030,Mujeres 50 a 54 anos con mamografia vigente (<= 2 anos),13,13110,385,0,15,27,50_54
6,14,2025,114304,P1207030,Mujeres 55 a 59 anos con mamografia vigente (<= 2 anos),13,13110,259,0,16,14,55_59
6,13,2025,113313,P1220030,Mujeres 50 a 54 anos con mamografia vigente (<= 2 anos),13,13401,393,0,0,0,50_54
6,13,2025,113315,P1207050,Mujeres 65 a 69 anos con mamografia vigente (<= 2 anos),13,13401,79,0,0,0,65_69
12,13,2025,113406,P1220030,Mujeres 50 a 54 anos con mamografia vigente (<= 2 anos),13,13402,34,0,0,0,50_54
6,13,2025,113308,P1207040,Mujeres 60 a 64 anos con mamografia vigente (<= 2 anos),13,13116,120,0,1,2,60_64
6,13,2025,113308,P1220030,Mujeres 50 a 54 anos con mamografia vigente (<= 2 anos),13,13116,100,0,5,3,50_54
6,13,2025,113308,P1207030,Mujeres 55 a 59 anos con mamografia vigente (<= 2 anos),13,13116,87,0,1,4,55_59
12,13,2025,113753,P1220030,Mujeres 50 a 54 anos con mamografia vigente (<= 2 anos),13,13129,45,0,1,4,50_54
12,12,2025,112321,P1207040,Mujeres 60 a 64 anos con mamografia vigente (<= 2 anos),13,13122,263,0,5,18,60_64
12,9,2025,109320,P1207030,Mujeres 55 a 59 anos con mamografia vigente (<= 2 anos),13,13303,131,0,0,7,55_59
6,9,2025,109301,P1207040,Mujeres 60 a 64 anos con mamografia vigente (<= 2 anos),13,13127,449,0,0,201,60_64
6,9,2025,109309,P1220030,Mujeres 50 a 54 anos con mamografia vigente (<= 2 anos),13,13104,181,0,3,11,50_54
6,14,2025,114331,P1207030,Mujeres 55 a 59 anos con mamografia vigente (<= 2 anos),13,13110,197,0,2,27,55_59
6,14,2025,114302,P1220030,Mujeres 50 a 54 anos con mamografia vigente (<= 2 anos),13,13110,232,0,12,14,50_54
6,14,2025,114302,P1207030,Mujeres 55 a 59 anos con mamografia vigente (<= 2 anos),13,13110,214,0,10,12,55_59
6,14,2025,114302,P1207040,Mujeres 60 a 64 anos con mamografia vigente (<= 2 anos),13,13110,208,0,7,10,60_64
6,14,2025,114331,P1207040,Mujeres 60 a 64 anos con mamografia vigente (<= 2 anos),13,13110,220,0,6,25,60_64
6,14,2025,114331,P1207050,Mujeres 65 a 69 anos con mamografia vigente (<= 2 anos),13,13110,195,0,2,16,65_69
6,10,2025,110492,P1220030,Mujeres 50 a 54 anos con mamografia vigente (<= 2 anos),13,13505,10,0,0,0,50_54
6,10,2025,110492,P1207030,Mujeres 55 a 59 anos con mamografia vigente (<= 2 anos),13,13505,14,0,0,0,55_59
6,10,2025,110492,P1207040,Mujeres 60 a 64 anos con mamografia vigente (<= 2 anos),13,13505,7,0,0,0,60_64
12,13,2025,113753,P1207030,Mujeres 55 a 59 anos con mamografia vigente (<= 2 anos),13,13129,47,0,0,3,55_59
12,13,2025,113753,P1207040,Mujeres 60 a 64 anos con mamografia vigente (<= 2 anos),13,13129,35,0,1,2,60_64
12,13,2025,113753,P1207050,Mujeres 65 a 69 anos con mamografia vigente (<= 2 anos),13,13129,31,0,0,2,65_69
12,10,2025,110754,P1207030,Mujeres 55 a 59 anos con mamografia vigente (<= 2 anos),13,13124,54,0,8,5,55_59
12,10,2025,110754,P1207040,Mujeres 60 a 64 anos con mamografia vigente (<= 2 anos),13,13124,53,0,6,2,60_64
12,10,2025,110754,P1207050,Mujeres 65 a 69 anos con mamografia vigente (<= 2 anos),13,13124,40,0,3,1,65_69
12,10,2025,110350,P1220030,Mujeres 50 a 54 anos con mamografia vigente (<= 2 anos),13,13124,555,0,16,38,50_54
12,10,2025,110350,P1207030,Mujeres 55 a 59 anos con mamografia vigente (<= 2 anos),13,13124,539,0,15,27,55_59
6,9,2025,200961,P1207050,Mujeres 65 a 69 anos con mamografia vigente (<= 2 anos),13,13107,51,0,0,15,65_69
12,9,2025,109309,P1207050,Mujeres 65 a 69 anos con mamografia vigente (<= 2 anos),13,13104,123,0,4,4,65_69
6,9,2025,109413,P1207030,Mujeres 55 a 59 anos con mamografia vigente (<= 2 anos),13,13303,8,0,0,0,55_59
6,9,2025,109307,P1220030,Mujeres 50 a 54 anos con mamografia vigente (<= 2 anos),13,13127,368,0,6,42,50_54
12,9,2025,200304,P1207040,Mujeres 60 a 64 anos con mamografia vigente (<= 2 anos),13,13125,58,0,0,0,60_64
6,9,2025,109311,P1207040,Mujeres 60 a 64 anos con mamografia vigente (<= 2 anos),13,13302,268,0,4,21,60_64
6,9,2025,109321,P1220030,Mujeres 50 a 54 anos con mamografia vigente (<= 2 anos),13,13108,427,0,4,109,50_54
12,9,2025,109304,P1207050,Mujeres 65 a 69 anos con mamografia vigente (<= 2 anos),13,13127,112,0,1,3,65_69
12,9,2025,109711,P1207030,Mujeres 55 a 59 anos con mamografia vigente (<= 2 anos),13,13302,79,0,1,10,55_59
6,9,2025,109418,P1207040,Mujeres 60 a 64 anos con mamografia vigente (<= 2 anos),13,13301,15,0,0,2,60_64
12,9,2025,109718,P1220030,Mujeres 50 a 54 anos con mamografia vigente (<= 2 anos),13,13107,91,0,4,12,50_54
6,9,2025,109709,P1220030,Mujeres 50 a 54 anos con mamografia vigente (<= 2 anos),13,13104,112,0,0,17,50_54
6,9,2025,109308,P1207040,Mujeres 60 a 64 anos con mamografia vigente (<= 2 anos),13,13104,373,0,4,48,60_64
12,9,2025,109420,P1220030,Mujeres 50 a 54 anos con mamografia vigente (<= 2 anos),13,13301,18,0,0,1,50_54
6,9,2025,109416,P1207030,Mujeres 55 a 59 anos con mamografia vigente (<= 2 anos),13,13301,34,0,0,0,55_59
12,9,2025,109315,P1207030,Mujeres 55 a 59 anos con mamografia vigente (<= 2 anos),13,13125,526,0,0,0,55_59
6,9,2025,200961,P1220030,Mujeres 50 a 54 anos con mamografia vigente (<= 2 anos),13,13107,92,0,1,23,50_54
6,9,2025,109302,P1207040,Mujeres 60 a 64 anos con mamografia vigente (<= 2 anos),13,13104,277,0,1,15,60_64
6,9,2025,109316,P1207040,Mujeres 60 a 64 anos con mamografia vigente (<= 2 anos),13,13301,520,0,0,40,60_64
6,9,2025,109323,P1207040,Mujeres 60 a 64 anos con mamografia vigente (<= 2 anos),13,13107,109,0,3,3,60_64
6,9,2025,109715,P1207050,Mujeres 65 a 69 anos con mamografia vigente (<= 2 anos),13,13125,17,0,0,4,65_69
6,9,2025,109305,P1207030,Mujeres 55 a 59 anos con mamografia vigente (<= 2 anos),13,13107,282,0,3,16,55_59
12,9,2025,109320,P1207050,Mujeres 65 a 69 anos con mamografia vigente (<= 2 anos),13,13303,79,0,0,2,65_69
6,9,2025,109324,P1220030,Mujeres 50 a 54 anos con mamografia vigente (<= 2 anos),13,13125,617,0,0,0,50_54
6,9,2025,109314,P1207050,Mujeres 65 a 69 anos con mamografia vigente (<= 2 anos),13,13104,252,0,3,9,65_69
12,9,2025,109414,P1207040,Mujeres 60 a 64 anos con mamografia vigente (<= 2 anos),13,13303,48,0,0,0,60_64
12,9,2025,109302,P1220030,Mujeres 50 a 54 anos con mamografia vigente (<= 2 anos),13,13104,353,0,5,32,50_54
6,9,2025,109414,P1207030,Mujeres 55 a 59 anos con mamografia vigente (<= 2 anos),13,13303,36,0,0,0,55_59
12,9,2025,109317,P1220030,Mujeres 50 a 54 anos con mamografia vigente (<= 2 anos),13,13107,216,0,1,18,50_54
12,9,2025,109303,P1207050,Mujeres 65 a 69 anos con mamografia vigente (<= 2 anos),13,13127,216,0,0,9,65_69
6,9,2025,200304,P1220030,Mujeres 50 a 54 anos con mamografia vigente (<= 2 anos),13,13125,34,0,0,0,50_54
12,9,2025,109412,P1207030,Mujeres 55 a 59 anos con mamografia vigente (<= 2 anos),13,13303,18,0,0,0,55_59
12,9,2025,109302,P1207050,Mujeres 65 a 69 anos con mamografia vigente (<= 2 anos),13,13104,262,0,1,10,65_69
6,13,2025,113390,P1220030,Mujeres 50 a 54 anos con mamografia vigente (<= 2 anos),13,13402,583,0,0,0,50_54
6,13,2025,113390,P1207030,Mujeres 55 a 59 anos con mamografia vigente (<= 2 anos),13,13402,559,0,0,0,55_59
6,13,2025,113390,P1207040,Mujeres 60 a 64 anos con mamografia vigente (<= 2 anos),13,13402,524,0,0,0,60_64
12,13,2025,113406,P1207030,Mujeres 55 a 59 anos con mamografia vigente (<= 2 anos),13,13402,38,0,0,0,55_59
6,13,2025,113313,P1207030,Mujeres 55 a 59 anos con mamografia vigente (<= 2 anos),13,13401,388,0,0,0,55_59
6,13,2025,113313,P1207040,Mujeres 60 a 64 anos con mamografia vigente (<= 2 anos),13,13401,366,0,0,0,60_64
6,13,2025,113313,P1207050,Mujeres 65 a 69 anos con mamografia vigente (<= 2 anos),13,13401,203,0,0,0,65_69
12,11,2025,111300,P1207030,Mujeres 55 a 59 anos con mamografia vigente (<= 2 anos),13,13101,390,0,0,213,55_59
12,11,2025,111300,P1207040,Mujeres 60 a 64 anos con mamografia vigente (<= 2 anos),13,13101,366,0,0,180,60_64
12,12,2025,112309,P1207040,Mujeres 60 a 64 anos con mamografia vigente (<= 2 anos),13,13132,630,0,31,156,60_64
6,12,2025,112315,P1220030,Mujeres 50 a 54 anos con mamografia vigente (<= 2 anos),13,13122,210,0,3,18,50_54
6,12,2025,112322,P1220030,Mujeres 50 a 54 anos con mamografia vigente (<= 2 anos),13,13122,356,0,21,35,50_54
6,12,2025,112322,P1207030,Mujeres 55 a 59 anos con mamografia vigente (<= 2 anos),13,13122,223,0,7,11,55_59
6,12,2025,112322,P1207040,Mujeres 60 a 64 anos con mamografia vigente (<= 2 anos),13,13122,117,0,3,6,60_64
6,12,2025,112322,P1207050,Mujeres 65 a 69 anos con mamografia vigente (<= 2 anos),13,13122,46,0,5,1,65_69
6,12,2025,112312,P1220030,Mujeres 50 a 54 anos con mamografia vigente (<= 2 anos),13,13118,552,0,0,0,50_54
6,12,2025,112312,P1207030,Mujeres 55 a 59 anos con mamografia vigente (<= 2 anos),13,13118,494,0,0,0,55_59
6,12,2025,112312,P1207040,Mujeres 60 a 64 anos con mamografia vigente (<= 2 anos),13,13118,548,0,0,0,60_64
6,12,2025,112312,P1207050,Mujeres 65 a 69 anos con mamografia vigente (<= 2 anos),13,13118,419,0,0,0,65_69
6,12,2025,112315,P1207030,Mujeres 55 a 59 anos con mamografia vigente (<= 2 anos),13,13122,147,0,5,11,55_59
6,12,2025,112315,P1207040,Mujeres 60 a 64 anos con mamografia vigente (<= 2 anos),13,13122,148,0,5,9,60_64
6,12,2025,112315,P1207050,Mujeres 65 a 69 anos con mamografia vigente (<= 2 anos),13,13122,84,0,0,4,65_69
12,11,2025,201674,P1220030,Mujeres 50 a 54 anos con mamografia vigente (<= 2 anos),13,13119,164,0,7,14,50_54
12,11,2025,201674,P1207030,Mujeres 55 a 59 anos con mamografia vigente (<= 2 anos),13,13119,137,0,6,6,55_59
6,12,2025,112316,P1220030,Mujeres 50 a 54 anos con mamografia vigente (<= 2 anos),13,13122,1076,0,0,99,50_54
6,12,2025,112316,P1207030,Mujeres 55 a 59 anos con mamografia vigente (<= 2 anos),13,13122,1076,0,2,50,55_59
6,12,2025,112316,P1207040,Mujeres 60 a 64 anos con mamografia vigente (<= 2 anos),13,13122,867,0,1,35,60_64
6,12,2025,112316,P1207050,Mujeres 65 a 69 anos con mamografia vigente (<= 2 anos),13,13122,145,0,0,6,65_69
12,12,2025,112321,P1207050,Mujeres 65 a 69 anos con mamografia vigente (<= 2 anos),13,13122,126,0,2,6,65_69
12,13,2025,113394,P1207030,Mujeres 55 a 59 anos con mamografia vigente (<= 2 anos),13,13401,195,0,18,4,55_59
12,13,2025,113394,P1207040,Mujeres 60 a 64 anos con mamografia vigente (<= 2 anos),13,13401,195,0,11,1,60_64
12,13,2025,113394,P1207050,Mujeres 65 a 69 anos con mamografia vigente (<= 2 anos),13,13401,120,0,3,7,65_69
6,11,2025,111380,P1207040,Mujeres 60 a 64 anos con mamografia vigente (<= 2 anos),13,13119,438,0,18,5,60_64
6,11,2025,111380,P1207050,Mujeres 65 a 69 anos con mamografia vigente (<= 2 anos),13,13119,205,0,6,5,65_69
12,12,2025,112303,P1207030,Mujeres 55 a 59 anos con mamografia vigente (<= 2 anos),13,13123,446,0,9,100,55_59
12,12,2025,112303,P1207040,Mujeres 60 a 64 anos con mamografia vigente (<= 2 anos),13,13123,504,0,12,82,60_64
12,12,2025,112303,P1207050,Mujeres 65 a 69 anos con mamografia vigente (<= 2 anos),13,13123,357,0,6,51,65_69
12,14,2025,114326,P1207040,Mujeres 60 a 64 anos con mamografia vigente (<= 2 anos),13,13201,255,0,0,0,60_64
12,14,2025,114326,P1207050,Mujeres 65 a 69 anos con mamografia vigente (<= 2 anos),13,13201,167,0,0,0,65_69
12,10,2025,110758,P1220030,Mujeres 50 a 54 anos con mamografia vigente (<= 2 anos),13,13124,44,0,1,2,50_54
12,10,2025,110758,P1207030,Mujeres 55 a 59 anos con mamografia vigente (<= 2 anos),13,13124,20,0,0,3,55_59
12,10,2025,110758,P1207040,Mujeres 60 a 64 anos con mamografia vigente (<= 2 anos),13,13124,20,0,1,0,60_64
12,11,2025,201129,P1220030,Mujeres 50 a 54 anos con mamografia vigente (<= 2 anos),13,13119,52,0,1,2,50_54
12,11,2025,201129,P1207030,Mujeres 55 a 59 anos con mamografia vigente (<= 2 anos),13,13119,42,0,0,3,55_59
12,11,2025,201129,P1207040,Mujeres 60 a 64 anos con mamografia vigente (<= 2 anos),13,13119,66,0,1,3,60_64
12,11,2025,201129,P1207050,Mujeres 65 a 69 anos con mamografia vigente (<= 2 anos),13,13119,39,0,0,2,65_69
12,12,2025,112309,P1220030,Mujeres 50 a 54 anos con mamografia vigente (<= 2 anos),13,13132,594,0,36,266,50_54
12,12,2025,112309,P1207030,Mujeres 55 a 59 anos con mamografia vigente (<= 2 anos),13,13132,632,0,39,225,55_59
12,14,2025,114326,P1207030,Mujeres 55 a 59 anos con mamografia vigente (<= 2 anos),13,13201,328,0,0,0,55_59
6,14,2025,114304,P1207050,Mujeres 65 a 69 anos con mamografia vigente (<= 2 anos),13,13110,210,0,7,7,65_69
6,9,2025,109412,P1207030,Mujeres 55 a 59 anos con mamografia vigente (<= 2 anos),13,13303,14,0,0,0,55_59
12,9,2025,200347,P1207050,Mujeres 65 a 69 anos con mamografia vigente (<= 2 anos),13,13104,60,0,0,1,65_69
6,9,2025,109313,P1220030,Mujeres 50 a 54 anos con mamografia vigente (<= 2 anos),13,13125,385,0,21,44,50_54
6,9,2025,109713,P1207030,Mujeres 55 a 59 anos con mamografia vigente (<= 2 anos),13,13125,67,0,0,0,55_59
6,9,2025,109303,P1220030,Mujeres 50 a 54 anos con mamografia vigente (<= 2 anos),13,13127,498,0,0,0,50_54
12,14,2025,114326,P1220030,Mujeres 50 a 54 anos con mamografia vigente (<= 2 anos),13,13201,322,0,0,0,50_54
12,14,2025,114324,P1207030,Mujeres 55 a 59 anos con mamografia vigente (<= 2 anos),13,13110,427,0,13,7,55_59
12,14,2025,114324,P1207040,Mujeres 60 a 64 anos con mamografia vigente (<= 2 anos),13,13110,340,0,13,1,60_64
12,14,2025,114324,P1207050,Mujeres 65 a 69 anos con mamografia vigente (<= 2 anos),13,13110,276,0,9,1,65_69
12,9,2025,109316,P1207050,Mujeres 65 a 69 anos con mamografia vigente (<= 2 anos),13,13301,261,0,1,9,65_69
6,14,2025,114304,P1207040,Mujeres 60 a 64 anos con mamografia vigente (<= 2 anos),13,13110,358,0,12,18,60_64
6,10,2025,110350,P1207050,Mujeres 65 a 69 anos con mamografia vigente (<= 2 anos),13,13124,323,0,2,3,65_69
12,11,2025,111380,P1207040,Mujeres 60 a 64 anos con mamografia vigente (<= 2 anos),13,13119,476,0,18,7,60_64
12,11,2025,111380,P1207050,Mujeres 65 a 69 anos con mamografia vigente (<= 2 anos),13,13119,234,0,9,5,65_69
6,14,2025,114327,P1220030,Mujeres 50 a 54 anos con mamografia vigente (<= 2 anos),13,13112,142,0,0,0,50_54
6,14,2025,114327,P1207030,Mujeres 55 a 59 anos con mamografia vigente (<= 2 anos),13,13112,128,0,0,0,55_59
6,14,2025,114327,P1207040,Mujeres 60 a 64 anos con mamografia vigente (<= 2 anos),13,13112,143,0,0,0,60_64
6,14,2025,114327,P1207050,Mujeres 65 a 69 anos con mamografia vigente (<= 2 anos),13,13112,107,0,0,0,65_69
12,11,2025,111305,P1220030,Mujeres 50 a 54 anos con mamografia vigente (<= 2 anos),13,13102,253,0,10,44,50_54
12,11,2025,111305,P1207030,Mujeres 55 a 59 anos con mamografia vigente (<= 2 anos),13,13102,225,0,8,22,55_59
12,11,2025,111305,P1207040,Mujeres 60 a 64 anos con mamografia vigente (<= 2 anos),13,13102,222,0,6,15,60_64
12,11,2025,111305,P1207050,Mujeres 65 a 69 anos con mamografia vigente (<= 2 anos),13,13102,166,0,2,4,65_69
12,12,2025,112321,P1220030,Mujeres 50 a 54 anos con mamografia vigente (<= 2 anos),13,13122,311,0,6,16,50_54
12,12,2025,112321,P1207030,Mujeres 55 a 59 anos con mamografia vigente (<= 2 anos),13,13122,267,0,6,25,55_59
6,10,2025,110379,P1220030,Mujeres 50 a 54 anos con mamografia vigente (<= 2 anos),13,13501,601,0,1,10,50_54
6,10,2025,110379,P1207030,Mujeres 55 a 59 anos con mamografia vigente (<= 2 anos),13,13501,644,0,0,11,55_59
6,10,2025,110379,P1207040,Mujeres 60 a 64 anos con mamografia vigente (<= 2 anos),13,13501,521,0,0,4,60_64
6,10,2025,110379,P1207050,Mujeres 65 a 69 anos con mamografia vigente (<= 2 anos),13,13501,244,0,0,1,65_69
12,14,2025,114329,P1220030,Mujeres 50 a 54 anos con mamografia vigente (<= 2 anos),13,13201,295,0,4,10,50_54
12,14,2025,114329,P1207030,Mujeres 55 a 59 anos con mamografia vigente (<= 2 anos),13,13201,302,0,15,8,55_59
12,14,2025,114329,P1207040,Mujeres 60 a 64 anos con mamografia vigente (<= 2 anos),13,13201,264,0,9,9,60_64
12,12,2025,112309,P1207050,Mujeres 65 a 69 anos con mamografia vigente (<= 2 anos),13,13132,386,0,18,38,65_69
6,10,2025,110758,P1220030,Mujeres 50 a 54 anos con mamografia vigente (<= 2 anos),13,13124,35,0,0,0,50_54
6,10,2025,110758,P1207030,Mujeres 55 a 59 anos con mamografia vigente (<= 2 anos),13,13124,15,0,0,0,55_59
6,10,2025,110758,P1207040,Mujeres 60 a 64 anos con mamografia vigente (<= 2 anos),13,13124,13,0,2,2,60_64
12,11,2025,201674,P1207040,Mujeres 60 a 64 anos con mamografia vigente (<= 2 anos),13,13119,156,0,6,6,60_64
12,11,2025,201674,P1207050,Mujeres 65 a 69 anos con mamografia vigente (<= 2 anos),13,13119,111,0,4,4,65_69
12,11,2025,111380,P1220030,Mujeres 50 a 54 anos con mamografia vigente (<= 2 anos),13,13119,357,0,19,11,50_54
12,11,2025,111380,P1207030,Mujeres 55 a 59 anos con mamografia vigente (<= 2 anos),13,13119,394,0,14,12,55_59
12,11,2025,111300,P1207050,Mujeres 65 a 69 anos con mamografia vigente (<= 2 anos),13,13101,239,0,0,98,65_69
6,9,2025,200609,P1207050,Mujeres 65 a 69 anos con mamografia vigente (<= 2 anos),13,13104,9,0,1,0,65_69
12,9,2025,109324,P1207050,Mujeres 65 a 69 anos con mamografia vigente (<= 2 anos),13,13125,143,0,0,21,65_69
6,13,2025,113324,P1207040,Mujeres 60 a 64 anos con mamografia vigente (<= 2 anos),13,13105,272,0,0,18,60_64
6,13,2025,113324,P1207050,Mujeres 65 a 69 anos con mamografia vigente (<= 2 anos),13,13105,155,0,0,10,65_69
12,13,2025,113302,P1220030,Mujeres 50 a 54 anos con mamografia vigente (<= 2 anos),13,13130,444,0,4,59,50_54
12,13,2025,113302,P1207030,Mujeres 55 a 59 anos con mamografia vigente (<= 2 anos),13,13130,479,0,2,59,55_59
12,13,2025,113302,P1207040,Mujeres 60 a 64 anos con mamografia vigente (<= 2 anos),13,13130,553,0,1,40,60_64
12,13,2025,113302,P1207050,Mujeres 65 a 69 anos con mamografia vigente (<= 2 anos),13,13130,334,0,1,17,65_69
6,13,2025,113309,P1220030,Mujeres 50 a 54 anos con mamografia vigente (<= 2 anos),13,13116,367,0,0,18,50_54
6,13,2025,113309,P1207030,Mujeres 55 a 59 anos con mamografia vigente (<= 2 anos),13,13116,312,0,0,7,55_59
6,13,2025,113309,P1207040,Mujeres 60 a 64 anos con mamografia vigente (<= 2 anos),13,13116,328,0,0,8,60_64
6,13,2025,113309,P1207050,Mujeres 65 a 69 anos con mamografia vigente (<= 2 anos),13,13116,142,0,0,0,65_69
12,10,2025,110330,P1207040,Mujeres 60 a 64 anos con mamografia vigente (<= 2 anos),13,13103,314,0,35,7,60_64
12,10,2025,110330,P1207050,Mujeres 65 a 69 anos con mamografia vigente (<= 2 anos),13,13103,148,0,14,12,65_69
12,10,2025,110331,P1220030,Mujeres 50 a 54 anos con mamografia vigente (<= 2 anos),13,13103,221,0,24,44,50_54
12,10,2025,110331,P1207030,Mujeres 55 a 59 anos con mamografia vigente (<= 2 anos),13,13103,195,0,23,26,55_59
12,10,2025,110331,P1207040,Mujeres 60 a 64 anos con mamografia vigente (<= 2 anos),13,13103,229,0,17,21,60_64
12,10,2025,110331,P1207050,Mujeres 65 a 69 anos con mamografia vigente (<= 2 anos),13,13103,94,0,10,4,65_69
6,14,2025,114714,P1220030,Mujeres 50 a 54 anos con mamografia vigente (<= 2 anos),13,13131,45,0,0,4,50_54
6,14,2025,114714,P1207030,Mujeres 55 a 59 anos con mamografia vigente (<= 2 anos),13,13131,55,0,0,6,55_59
6,14,2025,114310,P1220030,Mujeres 50 a 54 anos con mamografia vigente (<= 2 anos),13,13202,114,0,0,2,50_54
6,14,2025,114310,P1207030,Mujeres 55 a 59 anos con mamografia vigente (<= 2 anos),13,13202,133,0,0,0,55_59
6,14,2025,114310,P1207040,Mujeres 60 a 64 anos con mamografia vigente (<= 2 anos),13,13202,129,0,1,0,60_64
6,14,2025,114310,P1207050,Mujeres 65 a 69 anos con mamografia vigente (<= 2 anos),13,13202,76,0,0,0,65_69
6,13,2025,113308,P1207050,Mujeres 65 a 69 anos con mamografia vigente (<= 2 anos),13,13116,44,0,0,1,65_69
6,13,2025,113390,P1207050,Mujeres 65 a 69 anos con mamografia vigente (<= 2 anos),13,13402,286,0,0,0,65_69
12,9,2025,109419,P1207040,Mujeres 60 a 64 anos con mamografia vigente (<= 2 anos),13,13301,18,0,0,0,60_64
6,13,2025,113316,P1207040,Mujeres 60 a 64 anos con mamografia vigente (<= 2 anos),13,13401,379,0,0,0,60_64
6,13,2025,113316,P1207050,Mujeres 65 a 69 anos con mamografia vigente (<= 2 anos),13,13401,142,0,0,0,65_69
12,13,2025,113701,P1220030,Mujeres 50 a 54 anos con mamografia vigente (<= 2 anos),13,13129,87,0,1,25,50_54
12,13,2025,113701,P1207030,Mujeres 55 a 59 anos con mamografia vigente (<= 2 anos),13,13129,83,0,0,23,55_59
12,13,2025,113701,P1207040,Mujeres 60 a 64 anos con mamografia vigente (<= 2 anos),13,13129,88,0,0,16,60_64
12,10,2025,110325,P1220030,Mujeres 50 a 54 anos con mamografia vigente (<= 2 anos),13,13126,77,0,14,71,50_54
12,10,2025,110325,P1207030,Mujeres 55 a 59 anos con mamografia vigente (<= 2 anos),13,13126,383,0,19,60,55_59
12,10,2025,110325,P1207040,Mujeres 60 a 64 anos con mamografia vigente (<= 2 anos),13,13126,404,0,15,36,60_64
12,10,2025,110325,P1207050,Mujeres 65 a 69 anos con mamografia vigente (<= 2 anos),13,13126,219,0,6,18,65_69
12,13,2025,113333,P1220030,Mujeres 50 a 54 anos con mamografia vigente (<= 2 anos),13,13402,227,0,0,0,50_54
6,13,2025,113306,P1220030,Mujeres 50 a 54 anos con mamografia vigente (<= 2 anos),13,13121,330,0,0,16,50_54
6,13,2025,113306,P1207030,Mujeres 55 a 59 anos con mamografia vigente (<= 2 anos),13,13121,387,0,1,25,55_59
6,13,2025,113306,P1207040,Mujeres 60 a 64 anos con mamografia vigente (<= 2 anos),13,13121,466,0,3,29,60_64
6,9,2025,109321,P1207030,Mujeres 55 a 59 anos con mamografia vigente (<= 2 anos),13,13108,426,0,4,112,55_59
12,9,2025,109324,P1220030,Mujeres 50 a 54 anos con mamografia vigente (<= 2 anos),13,13125,655,0,0,52,50_54
6,9,2025,109712,P1207050,Mujeres 65 a 69 anos con mamografia vigente (<= 2 anos),13,13302,30,0,0,1,65_69
12,9,2025,109304,P1207030,Mujeres 55 a 59 anos con mamografia vigente (<= 2 anos),13,13127,148,0,0,12,55_59
12,9,2025,109713,P1207050,Mujeres 65 a 69 anos con mamografia vigente (<= 2 anos),13,13125,7,0,0,0,65_69
12,13,2025,113323,P1220030,Mujeres 50 a 54 anos con mamografia vigente (<= 2 anos),13,13105,271,0,0,0,50_54
12,13,2025,113323,P1207030,Mujeres 55 a 59 anos con mamografia vigente (<= 2 anos),13,13105,277,0,0,0,55_59
12,13,2025,113323,P1207040,Mujeres 60 a 64 anos con mamografia vigente (<= 2 anos),13,13105,395,0,0,0,60_64
12,13,2025,113323,P1207050,Mujeres 65 a 69 anos con mamografia vigente (<= 2 anos),13,13105,268,0,0,0,65_69
12,9,2025,109323,P1207050,Mujeres 65 a 69 anos con mamografia vigente (<= 2 anos),13,13107,74,0,2,0,65_69
12,9,2025,109303,P1207040,Mujeres 60 a 64 anos con mamografia vigente (<= 2 anos),13,13127,228,0,0,50,60_64
6,9,2025,109413,P1207050,Mujeres 65 a 69 anos con mamografia vigente (<= 2 anos),13,13303,4,0,0,0,65_69
12,9,2025,109323,P1207040,Mujeres 60 a 64 anos con mamografia vigente (<= 2 anos),13,13107,177,0,10,5,60_64
12,9,2025,109410,P1220030,Mujeres 50 a 54 anos con mamografia vigente (<= 2 anos),13,13303,23,0,0,0,50_54
12,11,2025,111300,P1220030,Mujeres 50 a 54 anos con mamografia vigente (<= 2 anos),13,13101,409,0,6,256,50_54
6,11,2025,111310,P1220030,Mujeres 50 a 54 anos con mamografia vigente (<= 2 anos),13,13106,134,0,0,98,50_54
6,11,2025,111310,P1207030,Mujeres 55 a 59 anos con mamografia vigente (<= 2 anos),13,13106,115,0,0,76,55_59
6,11,2025,111310,P1207040,Mujeres 60 a 64 anos con mamografia vigente (<= 2 anos),13,13106,122,0,0,66,60_64
6,11,2025,111310,P1207050,Mujeres 65 a 69 anos con mamografia vigente (<= 2 anos),13,13106,58,0,0,24,65_69
6,11,2025,111378,P1220030,Mujeres 50 a 54 anos con mamografia vigente (<= 2 anos),13,13119,447,0,0,0,50_54
6,11,2025,111378,P1207030,Mujeres 55 a 59 anos con mamografia vigente (<= 2 anos),13,13119,390,0,0,0,55_59
6,11,2025,111378,P1207040,Mujeres 60 a 64 anos con mamografia vigente (<= 2 anos),13,13119,388,0,0,0,60_64
6,11,2025,111378,P1207050,Mujeres 65 a 69 anos con mamografia vigente (<= 2 anos),13,13119,182,0,0,0,65_69
6,11,2025,111308,P1207050,Mujeres 65 a 69 anos con mamografia vigente (<= 2 anos),13,13119,176,0,8,3,65_69
12,11,2025,111310,P1220030,Mujeres 50 a 54 anos con mamografia vigente (<= 2 anos),13,13106,260,0,0,122,50_54
12,11,2025,111310,P1207030,Mujeres 55 a 59 anos con mamografia vigente (<= 2 anos),13,13106,133,0,0,81,55_59
12,11,2025,111310,P1207040,Mujeres 60 a 64 anos con mamografia vigente (<= 2 anos),13,13106,105,0,0,56,60_64
12,11,2025,111310,P1207050,Mujeres 65 a 69 anos con mamografia vigente (<= 2 anos),13,13106,98,0,0,45,65_69
6,11,2025,200643,P1220030,Mujeres 50 a 54 anos con mamografia vigente (<= 2 anos),13,13119,24,0,3,0,50_54
6,11,2025,111381,P1220030,Mujeres 50 a 54 anos con mamografia vigente (<= 2 anos),13,13101,776,0,43,449,50_54
6,11,2025,111381,P1207030,Mujeres 55 a 59 anos con mamografia vigente (<= 2 anos),13,13101,632,0,39,336,55_59
6,11,2025,111381,P1207040,Mujeres 60 a 64 anos con mamografia vigente (<= 2 anos),13,13101,623,0,32,264,60_64
6,11,2025,111381,P1207050,Mujeres 65 a 69 anos con mamografia vigente (<= 2 anos),13,13101,312,0,18,102,65_69
6,11,2025,111308,P1207040,Mujeres 60 a 64 anos con mamografia vigente (<= 2 anos),13,13119,300,0,13,3,60_64
6,10,2025,110387,P1207050,Mujeres 65 a 69 anos con mamografia vigente (<= 2 anos),13,13505,36,0,0,1,65_69
6,10,2025,110385,P1220030,Mujeres 50 a 54 anos con mamografia vigente (<= 2 anos),13,13504,154,0,1,0,50_54
6,10,2025,110385,P1207030,Mujeres 55 a 59 anos con mamografia vigente (<= 2 anos),13,13504,149,0,1,0,55_59
6,10,2025,110385,P1207040,Mujeres 60 a 64 anos con mamografia vigente (<= 2 anos),13,13504,148,0,0,0,60_64
6,10,2025,110385,P1207050,Mujeres 65 a 69 anos con mamografia vigente (<= 2 anos),13,13504,107,0,0,0,65_69
6,10,2025,110362,P1207050,Mujeres 65 a 69 anos con mamografia vigente (<= 2 anos),13,13128,290,0,21,0,65_69
12,10,2025,110430,P1220030,Mujeres 50 a 54 anos con mamografia vigente (<= 2 anos),13,13603,13,0,1,0,50_54
12,10,2025,110430,P1207030,Mujeres 55 a 59 anos con mamografia vigente (<= 2 anos),13,13603,11,0,0,0,55_59
12,10,2025,110430,P1207040,Mujeres 60 a 64 anos con mamografia vigente (<= 2 anos),13,13603,9,0,0,0,60_64
12,10,2025,110430,P1207050,Mujeres 65 a 69 anos con mamografia vigente (<= 2 anos),13,13603,6,0,0,0,65_69
12,10,2025,110364,P1220030,Mujeres 50 a 54 anos con mamografia vigente (<= 2 anos),13,13128,303,0,16,25,50_54
12,10,2025,110364,P1207030,Mujeres 55 a 59 anos con mamografia vigente (<= 2 anos),13,13128,241,0,4,23,55_59
12,10,2025,110364,P1207040,Mujeres 60 a 64 anos con mamografia vigente (<= 2 anos),13,13128,179,0,6,11,60_64
12,10,2025,110364,P1207050,Mujeres 65 a 69 anos con mamografia vigente (<= 2 anos),13,13128,84,0,4,0,65_69
12,10,2025,110754,P1220030,Mujeres 50 a 54 anos con mamografia vigente (<= 2 anos),13,13124,44,0,6,5,50_54
6,10,2025,110410,P1220030,Mujeres 50 a 54 anos con mamografia vigente (<= 2 anos),13,13124,4,0,0,1,50_54
6,10,2025,110410,P1207040,Mujeres 60 a 64 anos con mamografia vigente (<= 2 anos),13,13124,6,0,0,0,60_64
6,10,2025,110350,P1220030,Mujeres 50 a 54 anos con mamografia vigente (<= 2 anos),13,13124,518,0,1,3,50_54
6,10,2025,110350,P1207030,Mujeres 55 a 59 anos con mamografia vigente (<= 2 anos),13,13124,547,0,0,6,55_59
6,10,2025,110350,P1207040,Mujeres 60 a 64 anos con mamografia vigente (<= 2 anos),13,13124,605,0,1,3,60_64
12,9,2025,109309,P1220030,Mujeres 50 a 54 anos con mamografia vigente (<= 2 anos),13,13104,295,0,4,18,50_54
6,9,2025,201212,P1207030,Mujeres 55 a 59 anos con mamografia vigente (<= 2 anos),13,13302,112,0,1,17,55_59
12,13,2025,113308,P1207040,Mujeres 60 a 64 anos con mamografia vigente (<= 2 anos),13,13116,212,0,0,0,60_64
12,13,2025,113308,P1207050,Mujeres 65 a 69 anos con mamografia vigente (<= 2 anos),13,13116,127,0,0,0,65_69
12,13,2025,113411,P1207040,Mujeres 60 a 64 anos con mamografia vigente (<= 2 anos),13,13404,49,0,0,0,60_64
12,13,2025,113411,P1207050,Mujeres 65 a 69 anos con mamografia vigente (<= 2 anos),13,13404,20,0,0,0,65_69
6,13,2025,113408,P1207050,Mujeres 65 a 69 anos con mamografia vigente (<= 2 anos),13,13404,32,0,0,0,65_69
12,11,2025,111370,P1207050,Mujeres 65 a 69 anos con mamografia vigente (<= 2 anos),13,13101,147,0,4,66,65_69
6,13,2025,200962,P1207030,Mujeres 55 a 59 anos con mamografia vigente (<= 2 anos),13,13105,60,0,0,0,55_59
6,13,2025,200962,P1207040,Mujeres 60 a 64 anos con mamografia vigente (<= 2 anos),13,13105,54,0,0,0,60_64
6,14,2025,114334,P1220030,Mujeres 50 a 54 anos con mamografia vigente (<= 2 anos),13,13110,183,0,5,16,50_54
6,13,2025,200962,P1207050,Mujeres 65 a 69 anos con mamografia vigente (<= 2 anos),13,13105,17,0,0,0,65_69
12,13,2025,113406,P1207040,Mujeres 60 a 64 anos con mamografia vigente (<= 2 anos),13,13402,27,0,0,0,60_64
12,13,2025,113406,P1207050,Mujeres 65 a 69 anos con mamografia vigente (<= 2 anos),13,13402,10,0,0,0,65_69
12,12,2025,201112,P1207030,Mujeres 55 a 59 anos con mamografia vigente (<= 2 anos),13,13122,327,0,0,0,55_59
12,12,2025,201112,P1207040,Mujeres 60 a 64 anos con mamografia vigente (<= 2 anos),13,13122,251,0,0,0,60_64
12,12,2025,201112,P1207050,Mujeres 65 a 69 anos con mamografia vigente (<= 2 anos),13,13122,213,0,0,0,65_69
6,14,2025,114321,P1220030,Mujeres 50 a 54 anos con mamografia vigente (<= 2 anos),13,13201,346,0,0,0,50_54
6,14,2025,114321,P1207030,Mujeres 55 a 59 anos con mamografia vigente (<= 2 anos),13,13201,381,0,0,0,55_59
6,14,2025,114321,P1207040,Mujeres 60 a 64 anos con mamografia vigente (<= 2 anos),13,13201,371,0,0,0,60_64
6,14,2025,114321,P1207050,Mujeres 65 a 69 anos con mamografia vigente (<= 2 anos),13,13201,205,0,0,0,65_69
12,14,2025,114329,P1207050,Mujeres 65 a 69 anos con mamografia vigente (<= 2 anos),13,13201,142,0,13,5,65_69
6,13,2025,113407,P1220030,Mujeres 50 a 54 anos con mamografia vigente (<= 2 anos),13,13402,42,0,0,2,50_54
12,13,2025,113411,P1220030,Mujeres 50 a 54 anos con mamografia vigente (<= 2 anos),13,13404,58,0,0,0,50_54
12,13,2025,113411,P1207030,Mujeres 55 a 59 anos con mamografia vigente (<= 2 anos),13,13404,55,0,0,1,55_59
12,13,2025,113333,P1207030,Mujeres 55 a 59 anos con mamografia vigente (<= 2 anos),13,13402,219,0,0,0,55_59
12,13,2025,113333,P1207040,Mujeres 60 a 64 anos con mamografia vigente (<= 2 anos),13,13402,226,0,0,0,60_64
12,13,2025,113333,P1207050,Mujeres 65 a 69 anos con mamografia vigente (<= 2 anos),13,13402,125,0,0,0,65_69
12,14,2025,114406,P1220030,Mujeres 50 a 54 anos con mamografia vigente (<= 2 anos),13,13202,8,0,0,0,50_54
12,14,2025,114406,P1207030,Mujeres 55 a 59 anos con mamografia vigente (<= 2 anos),13,13202,5,0,1,0,55_59
12,14,2025,114406,P1207040,Mujeres 60 a 64 anos con mamografia vigente (<= 2 anos),13,13202,8,0,0,0,60_64
12,14,2025,114406,P1207050,Mujeres 65 a 69 anos con mamografia vigente (<= 2 anos),13,13202,3,0,1,0,65_69
6,10,2025,110315,P1207040,Mujeres 60 a 64 anos con mamografia vigente (<= 2 anos),13,13117,337,0,20,29,60_64
6,10,2025,110315,P1207050,Mujeres 65 a 69 anos con mamografia vigente (<= 2 anos),13,13117,174,0,6,12,65_69
12,11,2025,111306,P1220030,Mujeres 50 a 54 anos con mamografia vigente (<= 2 anos),13,13106,129,0,7,3,50_54
12,11,2025,111306,P1207030,Mujeres 55 a 59 anos con mamografia vigente (<= 2 anos),13,13106,136,0,1,4,55_59
12,11,2025,111306,P1207040,Mujeres 60 a 64 anos con mamografia vigente (<= 2 anos),13,13106,179,0,4,7,60_64
12,11,2025,111306,P1207050,Mujeres 65 a 69 anos con mamografia vigente (<= 2 anos),13,13106,84,0,5,3,65_69
6,14,2025,114334,P1207030,Mujeres 55 a 59 anos con mamografia vigente (<= 2 anos),13,13110,205,0,5,12,55_59
6,11,2025,201674,P1207030,Mujeres 55 a 59 anos con mamografia vigente (<= 2 anos),13,13119,63,0,3,3,55_59
6,11,2025,201674,P1207040,Mujeres 60 a 64 anos con mamografia vigente (<= 2 anos),13,13119,74,0,3,3,60_64
6,11,2025,201674,P1207050,Mujeres 65 a 69 anos con mamografia vigente (<= 2 anos),13,13119,40,0,1,2,65_69
6,13,2025,113790,P1220030,Mujeres 50 a 54 anos con mamografia vigente (<= 2 anos),13,13402,177,0,0,0,50_54
6,13,2025,113790,P1207030,Mujeres 55 a 59 anos con mamografia vigente (<= 2 anos),13,13402,184,0,0,0,55_59
6,13,2025,113790,P1207040,Mujeres 60 a 64 anos con mamografia vigente (<= 2 anos),13,13402,135,0,0,0,60_64
6,13,2025,113790,P1207050,Mujeres 65 a 69 anos con mamografia vigente (<= 2 anos),13,13402,51,0,0,0,65_69
6,13,2025,113322,P1207040,Mujeres 60 a 64 anos con mamografia vigente (<= 2 anos),13,13129,429,0,5,23,60_64
6,13,2025,113322,P1207050,Mujeres 65 a 69 anos con mamografia vigente (<= 2 anos),13,13129,225,0,3,16,65_69
6,13,2025,113404,P1207040,Mujeres 60 a 64 anos con mamografia vigente (<= 2 anos),13,13402,66,0,0,0,60_64
6,13,2025,113404,P1207050,Mujeres 65 a 69 anos con mamografia vigente (<= 2 anos),13,13402,34,0,0,0,65_69
6,14,2025,114334,P1207040,Mujeres 60 a 64 anos con mamografia vigente (<= 2 anos),13,13110,237,0,4,5,60_64
6,14,2025,114334,P1207050,Mujeres 65 a 69 anos con mamografia vigente (<= 2 anos),13,13110,204,0,5,8,65_69
12,14,2025,114333,P1207040,Mujeres 60 a 64 anos con mamografia vigente (<= 2 anos),13,13202,87,0,1,0,60_64
12,14,2025,114333,P1207050,Mujeres 65 a 69 anos con mamografia vigente (<= 2 anos),13,13202,43,0,0,0,65_69
6,13,2025,113326,P1220030,Mujeres 50 a 54 anos con mamografia vigente (<= 2 anos),13,13109,485,0,0,56,50_54
6,13,2025,113326,P1207030,Mujeres 55 a 59 anos con mamografia vigente (<= 2 anos),13,13109,511,0,0,50,55_59
6,13,2025,113326,P1207040,Mujeres 60 a 64 anos con mamografia vigente (<= 2 anos),13,13109,537,0,0,20,60_64
6,13,2025,113326,P1207050,Mujeres 65 a 69 anos con mamografia vigente (<= 2 anos),13,13109,309,0,0,3,65_69
12,11,2025,111780,P1220030,Mujeres 50 a 54 anos con mamografia vigente (<= 2 anos),13,13119,13,0,0,1,50_54
12,11,2025,111372,P1220030,Mujeres 50 a 54 anos con mamografia vigente (<= 2 anos),13,13101,236,0,45,72,50_54
12,11,2025,111372,P1207030,Mujeres 55 a 59 anos con mamografia vigente (<= 2 anos),13,13101,246,0,36,57,55_59
12,11,2025,111372,P1207040,Mujeres 60 a 64 anos con mamografia vigente (<= 2 anos),13,13101,256,0,52,39,60_64
12,11,2025,111372,P1207050,Mujeres 65 a 69 anos con mamografia vigente (<= 2 anos),13,13101,141,0,30,16,65_69
12,14,2025,114706,P1207030,Mujeres 55 a 59 anos con mamografia vigente (<= 2 anos),13,13111,31,0,0,0,55_59
12,14,2025,114706,P1207040,Mujeres 60 a 64 anos con mamografia vigente (<= 2 anos),13,13111,39,0,0,0,60_64
12,14,2025,114706,P1207050,Mujeres 65 a 69 anos con mamografia vigente (<= 2 anos),13,13111,40,0,1,0,65_69
12,14,2025,114706,P1220030,Mujeres 50 a 54 anos con mamografia vigente (<= 2 anos),13,13111,46,0,2,1,50_54
6,11,2025,111308,P1220030,Mujeres 50 a 54 anos con mamografia vigente (<= 2 anos),13,13119,231,0,5,6,50_54
6,11,2025,111308,P1207030,Mujeres 55 a 59 anos con mamografia vigente (<= 2 anos),13,13119,262,0,6,5,55_59
6,13,2025,113316,P1220030,Mujeres 50 a 54 anos con mamografia vigente (<= 2 anos),13,13401,370,0,0,0,50_54
6,13,2025,113316,P1207030,Mujeres 55 a 59 anos con mamografia vigente (<= 2 anos),13,13401,388,0,0,0,55_59
6,13,2025,113407,P1207050,Mujeres 65 a 69 anos con mamografia vigente (<= 2 anos),13,13402,16,0,0,0,65_69
6,10,2025,110331,P1207040,Mujeres 60 a 64 anos con mamografia vigente (<= 2 anos),13,13103,91,0,5,6,60_64
6,10,2025,110331,P1207050,Mujeres 65 a 69 anos con mamografia vigente (<= 2 anos),13,13103,42,0,6,7,65_69
12,11,2025,111376,P1220030,Mujeres 50 a 54 anos con mamografia vigente (<= 2 anos),13,13101,376,0,19,226,50_54
12,11,2025,111376,P1207030,Mujeres 55 a 59 anos con mamografia vigente (<= 2 anos),13,13101,333,0,20,177,55_59
6,13,2025,113322,P1220030,Mujeres 50 a 54 anos con mamografia vigente (<= 2 anos),13,13129,355,0,9,37,50_54
6,13,2025,113322,P1207030,Mujeres 55 a 59 anos con mamografia vigente (<= 2 anos),13,13129,412,0,9,39,55_59
12,10,2025,110393,P1220030,Mujeres 50 a 54 anos con mamografia vigente (<= 2 anos),13,13502,83,0,4,15,50_54
12,10,2025,110393,P1207030,Mujeres 55 a 59 anos con mamografia vigente (<= 2 anos),13,13502,72,0,2,10,55_59
12,10,2025,110393,P1207040,Mujeres 60 a 64 anos con mamografia vigente (<= 2 anos),13,13502,55,0,0,4,60_64
12,10,2025,110393,P1207050,Mujeres 65 a 69 anos con mamografia vigente (<= 2 anos),13,13502,46,0,0,0,65_69
6,10,2025,110775,P1207030,Mujeres 55 a 59 anos con mamografia vigente (<= 2 anos),13,13603,62,0,0,0,55_59
6,10,2025,110775,P1207040,Mujeres 60 a 64 anos con mamografia vigente (<= 2 anos),13,13603,45,0,0,0,60_64
6,10,2025,110775,P1207050,Mujeres 65 a 69 anos con mamografia vigente (<= 2 anos),13,13603,19,0,0,0,65_69
12,11,2025,200346,P1220030,Mujeres 50 a 54 anos con mamografia vigente (<= 2 anos),13,13102,6,0,0,1,50_54
12,11,2025,200346,P1207030,Mujeres 55 a 59 anos con mamografia vigente (<= 2 anos),13,13102,5,0,0,0,55_59
12,11,2025,200346,P1207040,Mujeres 60 a 64 anos con mamografia vigente (<= 2 anos),13,13102,5,0,0,0,60_64
12,11,2025,200346,P1207050,Mujeres 65 a 69 anos con mamografia vigente (<= 2 anos),13,13102,4,0,0,0,65_69
12,11,2025,111780,P1207030,Mujeres 55 a 59 anos con mamografia vigente (<= 2 anos),13,13119,16,0,1,1,55_59
12,11,2025,111780,P1207040,Mujeres 60 a 64 anos con mamografia vigente (<= 2 anos),13,13119,15,0,0,0,60_64
12,11,2025,111780,P1207050,Mujeres 65 a 69 anos con mamografia vigente (<= 2 anos),13,13119,4,0,0,0,65_69
6,11,2025,111305,P1207030,Mujeres 55 a 59 anos con mamografia vigente (<= 2 anos),13,13102,642,0,2,16,55_59
6,11,2025,111305,P1207040,Mujeres 60 a 64 anos con mamografia vigente (<= 2 anos),13,13102,593,0,1,7,60_64
6,11,2025,111305,P1207050,Mujeres 65 a 69 anos con mamografia vigente (<= 2 anos),13,13102,385,0,1,2,65_69
12,11,2025,111309,P1220030,Mujeres 50 a 54 anos con mamografia vigente (<= 2 anos),13,13119,240,0,15,5,50_54
12,11,2025,111309,P1207030,Mujeres 55 a 59 anos con mamografia vigente (<= 2 anos),13,13119,296,0,15,5,55_59
12,11,2025,111376,P1207040,Mujeres 60 a 64 anos con mamografia vigente (<= 2 anos),13,13101,343,0,14,161,60_64
12,11,2025,111376,P1207050,Mujeres 65 a 69 anos con mamografia vigente (<= 2 anos),13,13101,154,0,15,57,65_69
6,13,2025,113722,P1207030,Mujeres 55 a 59 anos con mamografia vigente (<= 2 anos),13,13129,99,0,0,7,55_59
6,13,2025,113722,P1207040,Mujeres 60 a 64 anos con mamografia vigente (<= 2 anos),13,13129,92,0,0,4,60_64
6,13,2025,113722,P1207050,Mujeres 65 a 69 anos con mamografia vigente (<= 2 anos),13,13129,56,0,0,0,65_69
6,13,2025,113722,P1220030,Mujeres 50 a 54 anos con mamografia vigente (<= 2 anos),13,13129,74,0,0,9,50_54
6,11,2025,111372,P1220030,Mujeres 50 a 54 anos con mamografia vigente (<= 2 anos),13,13101,237,0,44,78,50_54
6,11,2025,111372,P1207030,Mujeres 55 a 59 anos con mamografia vigente (<= 2 anos),13,13101,218,0,39,49,55_59
6,11,2025,111372,P1207040,Mujeres 60 a 64 anos con mamografia vigente (<= 2 anos),13,13101,227,0,44,35,60_64
6,11,2025,111372,P1207050,Mujeres 65 a 69 anos con mamografia vigente (<= 2 anos),13,13101,113,0,26,11,65_69
6,11,2025,111781,P1207030,Mujeres 55 a 59 anos con mamografia vigente (<= 2 anos),13,13106,24,0,0,2,55_59
6,11,2025,111781,P1207040,Mujeres 60 a 64 anos con mamografia vigente (<= 2 anos),13,13106,18,0,1,1,60_64
6,11,2025,111781,P1207050,Mujeres 65 a 69 anos con mamografia vigente (<= 2 anos),13,13106,8,0,0,0,65_69
6,10,2025,110431,P1207050,Mujeres 65 a 69 anos con mamografia vigente (<= 2 anos),13,13603,20,0,0,0,65_69
12,11,2025,111309,P1207040,Mujeres 60 a 64 anos con mamografia vigente (<= 2 anos),13,13119,345,1,22,5,60_64
12,11,2025,111309,P1207050,Mujeres 65 a 69 anos con mamografia vigente (<= 2 anos),13,13119,210,0,14,1,65_69
12,13,2025,113317,P1220030,Mujeres 50 a 54 anos con mamografia vigente (<= 2 anos),13,13105,677,0,20,18,50_54
12,13,2025,113317,P1207030,Mujeres 55 a 59 anos con mamografia vigente (<= 2 anos),13,13105,703,0,27,15,55_59
12,13,2025,113317,P1207040,Mujeres 60 a 64 anos con mamografia vigente (<= 2 anos),13,13105,735,0,15,8,60_64
12,13,2025,113317,P1207050,Mujeres 65 a 69 anos con mamografia vigente (<= 2 anos),13,13105,323,0,26,5,65_69
6,13,2025,113713,P1220030,Mujeres 50 a 54 anos con mamografia vigente (<= 2 anos),13,13401,42,0,0,0,50_54
6,13,2025,113713,P1207030,Mujeres 55 a 59 anos con mamografia vigente (<= 2 anos),13,13401,35,0,0,0,55_59
6,13,2025,113713,P1207040,Mujeres 60 a 64 anos con mamografia vigente (<= 2 anos),13,13401,22,0,2,0,60_64
6,13,2025,113713,P1207050,Mujeres 65 a 69 anos con mamografia vigente (<= 2 anos),13,13401,15,0,0,1,65_69
12,14,2025,114401,P1220030,Mujeres 50 a 54 anos con mamografia vigente (<= 2 anos),13,13202,11,0,0,0,50_54
6,14,2025,114401,P1207050,Mujeres 65 a 69 anos con mamografia vigente (<= 2 anos),13,13202,8,0,0,0,65_69
12,10,2025,110440,P1207040,Mujeres 60 a 64 anos con mamografia vigente (<= 2 anos),13,13501,88,0,1,0,60_64
12,10,2025,110440,P1207050,Mujeres 65 a 69 anos con mamografia vigente (<= 2 anos),13,13501,55,0,1,0,65_69
6,10,2025,110315,P1220030,Mujeres 50 a 54 anos con mamografia vigente (<= 2 anos),13,13117,352,0,28,47,50_54
6,10,2025,110315,P1207030,Mujeres 55 a 59 anos con mamografia vigente (<= 2 anos),13,13117,311,0,18,36,55_59
6,11,2025,111376,P1220030,Mujeres 50 a 54 anos con mamografia vigente (<= 2 anos),13,13101,358,0,21,234,50_54
6,11,2025,111376,P1207030,Mujeres 55 a 59 anos con mamografia vigente (<= 2 anos),13,13101,334,0,22,191,55_59
6,11,2025,111376,P1207040,Mujeres 60 a 64 anos con mamografia vigente (<= 2 anos),13,13101,317,0,14,145,60_64
6,11,2025,111376,P1207050,Mujeres 65 a 69 anos con mamografia vigente (<= 2 anos),13,13101,130,0,11,45,65_69
6,11,2025,111301,P1220030,Mujeres 50 a 54 anos con mamografia vigente (<= 2 anos),13,13101,65,0,0,27,50_54
6,11,2025,111301,P1207030,Mujeres 55 a 59 anos con mamografia vigente (<= 2 anos),13,13101,85,0,0,30,55_59
6,11,2025,111301,P1207040,Mujeres 60 a 64 anos con mamografia vigente (<= 2 anos),13,13101,56,0,0,15,60_64
6,11,2025,111301,P1207050,Mujeres 65 a 69 anos con mamografia vigente (<= 2 anos),13,13101,51,0,0,6,65_69
12,14,2025,114324,P1220030,Mujeres 50 a 54 anos con mamografia vigente (<= 2 anos),13,13110,374,0,13,10,50_54
12,10,2025,110440,P1220030,Mujeres 50 a 54 anos con mamografia vigente (<= 2 anos),13,13501,89,0,0,0,50_54
12,10,2025,110440,P1207030,Mujeres 55 a 59 anos con mamografia vigente (<= 2 anos),13,13501,78,0,0,1,55_59
6,11,2025,111309,P1220030,Mujeres 50 a 54 anos con mamografia vigente (<= 2 anos),13,13119,213,0,12,3,50_54
6,11,2025,111309,P1207030,Mujeres 55 a 59 anos con mamografia vigente (<= 2 anos),13,13119,262,0,13,4,55_59
6,11,2025,111309,P1207040,Mujeres 60 a 64 anos con mamografia vigente (<= 2 anos),13,13119,298,1,23,4,60_64
6,11,2025,111309,P1207050,Mujeres 65 a 69 anos con mamografia vigente (<= 2 anos),13,13119,159,0,11,1,65_69
12,10,2025,110378,P1220030,Mujeres 50 a 54 anos con mamografia vigente (<= 2 anos),13,13501,465,0,6,17,50_54
12,10,2025,110378,P1207030,Mujeres 55 a 59 anos con mamografia vigente (<= 2 anos),13,13501,512,0,2,7,55_59
12,10,2025,110378,P1207040,Mujeres 60 a 64 anos con mamografia vigente (<= 2 anos),13,13501,491,0,6,3,60_64
12,10,2025,110378,P1207050,Mujeres 65 a 69 anos con mamografia vigente (<= 2 anos),13,13501,281,0,1,4,65_69
12,13,2025,113312,P1207040,Mujeres 60 a 64 anos con mamografia vigente (<= 2 anos),13,13105,406,0,2,9,60_64
12,13,2025,113312,P1207050,Mujeres 65 a 69 anos con mamografia vigente (<= 2 anos),13,13105,179,0,1,3,65_69
12,13,2025,113300,P1220030,Mujeres 50 a 54 anos con mamografia vigente (<= 2 anos),13,13130,643,0,7,170,50_54
12,13,2025,113300,P1207030,Mujeres 55 a 59 anos con mamografia vigente (<= 2 anos),13,13130,685,0,4,171,55_59
12,13,2025,113300,P1207040,Mujeres 60 a 64 anos con mamografia vigente (<= 2 anos),13,13130,849,0,8,208,60_64
12,13,2025,113300,P1207050,Mujeres 65 a 69 anos con mamografia vigente (<= 2 anos),13,13130,535,0,6,103,65_69
12,10,2025,110475,P1220030,Mujeres 50 a 54 anos con mamografia vigente (<= 2 anos),13,13504,35,0,0,0,50_54
12,10,2025,110475,P1207030,Mujeres 55 a 59 anos con mamografia vigente (<= 2 anos),13,13504,33,0,0,0,55_59
12,10,2025,110752,P1220030,Mujeres 50 a 54 anos con mamografia vigente (<= 2 anos),13,13124,92,0,4,6,50_54
12,10,2025,110752,P1207030,Mujeres 55 a 59 anos con mamografia vigente (<= 2 anos),13,13124,108,0,5,5,55_59
12,10,2025,110752,P1207040,Mujeres 60 a 64 anos con mamografia vigente (<= 2 anos),13,13124,101,0,3,4,60_64
12,10,2025,110752,P1207050,Mujeres 65 a 69 anos con mamografia vigente (<= 2 anos),13,13124,81,0,4,5,65_69
12,13,2025,113306,P1220030,Mujeres 50 a 54 anos con mamografia vigente (<= 2 anos),13,13121,327,0,3,4,50_54
6,13,2025,200337,P1220030,Mujeres 50 a 54 anos con mamografia vigente (<= 2 anos),13,13129,15,0,0,2,50_54
6,13,2025,200337,P1207030,Mujeres 55 a 59 anos con mamografia vigente (<= 2 anos),13,13129,13,0,0,3,55_59
6,13,2025,113410,P1220030,Mujeres 50 a 54 anos con mamografia vigente (<= 2 anos),13,13404,25,0,0,0,50_54
6,13,2025,113410,P1207030,Mujeres 55 a 59 anos con mamografia vigente (<= 2 anos),13,13404,34,0,0,0,55_59
6,13,2025,113410,P1207040,Mujeres 60 a 64 anos con mamografia vigente (<= 2 anos),13,13404,18,0,0,0,60_64
6,10,2025,110366,P1220030,Mujeres 50 a 54 anos con mamografia vigente (<= 2 anos),13,13604,1612,0,84,154,50_54
12,13,2025,113322,P1220030,Mujeres 50 a 54 anos con mamografia vigente (<= 2 anos),13,13129,386,0,5,54,50_54
12,13,2025,113322,P1207030,Mujeres 55 a 59 anos con mamografia vigente (<= 2 anos),13,13129,385,0,6,34,55_59
6,13,2025,113311,P1207040,Mujeres 60 a 64 anos con mamografia vigente (<= 2 anos),13,13109,565,0,8,80,60_64
12,13,2025,113322,P1207040,Mujeres 60 a 64 anos con mamografia vigente (<= 2 anos),13,13129,421,0,2,26,60_64
12,13,2025,113322,P1207050,Mujeres 65 a 69 anos con mamografia vigente (<= 2 anos),13,13129,277,0,4,18,65_69
6,13,2025,113306,P1207050,Mujeres 65 a 69 anos con mamografia vigente (<= 2 anos),13,13121,197,0,2,11,65_69
6,10,2025,110375,P1220030,Mujeres 50 a 54 anos con mamografia vigente (<= 2 anos),13,13603,190,0,1,3,50_54
6,10,2025,110375,P1207030,Mujeres 55 a 59 anos con mamografia vigente (<= 2 anos),13,13603,289,0,2,3,55_59
6,10,2025,110375,P1207040,Mujeres 60 a 64 anos con mamografia vigente (<= 2 anos),13,13603,246,0,1,1,60_64
6,10,2025,110375,P1207050,Mujeres 65 a 69 anos con mamografia vigente (<= 2 anos),13,13603,145,0,2,0,65_69
6,10,2025,110381,P1220030,Mujeres 50 a 54 anos con mamografia vigente (<= 2 anos),13,13501,155,0,0,0,50_54
6,10,2025,110381,P1207030,Mujeres 55 a 59 anos con mamografia vigente (<= 2 anos),13,13501,122,0,2,2,55_59
6,10,2025,110381,P1207040,Mujeres 60 a 64 anos con mamografia vigente (<= 2 anos),13,13501,83,0,0,0,60_64
6,10,2025,110308,P1220030,Mujeres 50 a 54 anos con mamografia vigente (<= 2 anos),13,13605,90,0,5,4,50_54
6,10,2025,110308,P1207030,Mujeres 55 a 59 anos con mamografia vigente (<= 2 anos),13,13605,104,0,0,1,55_59
6,10,2025,110308,P1207040,Mujeres 60 a 64 anos con mamografia vigente (<= 2 anos),13,13605,120,0,0,1,60_64
6,10,2025,110308,P1207050,Mujeres 65 a 69 anos con mamografia vigente (<= 2 anos),13,13605,105,0,0,4,65_69
6,10,2025,110380,P1220030,Mujeres 50 a 54 anos con mamografia vigente (<= 2 anos),13,13501,118,0,3,1,50_54
6,10,2025,110380,P1207030,Mujeres 55 a 59 anos con mamografia vigente (<= 2 anos),13,13501,160,0,0,2,55_59
6,10,2025,110380,P1207040,Mujeres 60 a 64 anos con mamografia vigente (<= 2 anos),13,13501,160,0,1,0,60_64
6,10,2025,110380,P1207050,Mujeres 65 a 69 anos con mamografia vigente (<= 2 anos),13,13501,74,0,2,0,65_69
6,10,2025,110381,P1207050,Mujeres 65 a 69 anos con mamografia vigente (<= 2 anos),13,13501,62,0,0,0,65_69
12,10,2025,110475,P1207040,Mujeres 60 a 64 anos con mamografia vigente (<= 2 anos),13,13504,30,0,0,0,60_64
12,10,2025,110475,P1207050,Mujeres 65 a 69 anos con mamografia vigente (<= 2 anos),13,13504,14,0,0,0,65_69
12,14,2025,114332,P1207040,Mujeres 60 a 64 anos con mamografia vigente (<= 2 anos),13,13201,92,0,2,0,60_64
12,14,2025,114332,P1207050,Mujeres 65 a 69 anos con mamografia vigente (<= 2 anos),13,13201,53,0,0,0,65_69
12,14,2025,114321,P1220030,Mujeres 50 a 54 anos con mamografia vigente (<= 2 anos),13,13201,346,0,0,0,50_54
12,14,2025,114321,P1207030,Mujeres 55 a 59 anos con mamografia vigente (<= 2 anos),13,13201,381,0,0,0,55_59
12,14,2025,114321,P1207040,Mujeres 60 a 64 anos con mamografia vigente (<= 2 anos),13,13201,371,0,0,0,60_64
12,14,2025,114321,P1207050,Mujeres 65 a 69 anos con mamografia vigente (<= 2 anos),13,13201,205,0,0,0,65_69
6,10,2025,110355,P1207040,Mujeres 60 a 64 anos con mamografia vigente (<= 2 anos),13,13103,276,0,13,13,60_64
6,10,2025,110355,P1207050,Mujeres 65 a 69 anos con mamografia vigente (<= 2 anos),13,13103,193,0,10,5,65_69
6,10,2025,110465,P1220030,Mujeres 50 a 54 anos con mamografia vigente (<= 2 anos),13,13504,25,0,0,0,50_54
6,10,2025,110465,P1207030,Mujeres 55 a 59 anos con mamografia vigente (<= 2 anos),13,13504,18,0,0,0,55_59
6,10,2025,110465,P1207040,Mujeres 60 a 64 anos con mamografia vigente (<= 2 anos),13,13504,33,0,0,0,60_64
6,10,2025,110465,P1207050,Mujeres 65 a 69 anos con mamografia vigente (<= 2 anos),13,13504,21,0,0,0,65_69
6,10,2025,110390,P1220030,Mujeres 50 a 54 anos con mamografia vigente (<= 2 anos),13,13601,1321,0,12,28,50_54
6,10,2025,110390,P1207030,Mujeres 55 a 59 anos con mamografia vigente (<= 2 anos),13,13601,1386,0,13,33,55_59
6,10,2025,110390,P1207040,Mujeres 60 a 64 anos con mamografia vigente (<= 2 anos),13,13601,1299,0,7,11,60_64
6,10,2025,110390,P1207050,Mujeres 65 a 69 anos con mamografia vigente (<= 2 anos),13,13601,947,0,1,12,65_69
12,13,2025,113412,P1220030,Mujeres 50 a 54 anos con mamografia vigente (<= 2 anos),13,13404,53,0,0,0,50_54
12,13,2025,113412,P1207030,Mujeres 55 a 59 anos con mamografia vigente (<= 2 anos),13,13404,58,0,0,0,55_59
12,13,2025,113412,P1207040,Mujeres 60 a 64 anos con mamografia vigente (<= 2 anos),13,13404,52,0,0,0,60_64
12,13,2025,113412,P1207050,Mujeres 65 a 69 anos con mamografia vigente (<= 2 anos),13,13404,19,0,0,0,65_69
6,13,2025,113311,P1207050,Mujeres 65 a 69 anos con mamografia vigente (<= 2 anos),13,13109,392,0,4,24,65_69
6,13,2025,113331,P1220030,Mujeres 50 a 54 anos con mamografia vigente (<= 2 anos),13,13121,363,0,12,38,50_54
6,13,2025,113331,P1207030,Mujeres 55 a 59 anos con mamografia vigente (<= 2 anos),13,13121,396,0,15,22,55_59
6,13,2025,113331,P1207040,Mujeres 60 a 64 anos con mamografia vigente (<= 2 anos),13,13121,457,0,11,14,60_64
6,13,2025,113331,P1207050,Mujeres 65 a 69 anos con mamografia vigente (<= 2 anos),13,13121,252,0,5,19,65_69
6,13,2025,113302,P1220030,Mujeres 50 a 54 anos con mamografia vigente (<= 2 anos),13,13130,198,0,4,59,50_54
6,13,2025,113302,P1207030,Mujeres 55 a 59 anos con mamografia vigente (<= 2 anos),13,13130,209,0,2,59,55_59
6,13,2025,113302,P1207040,Mujeres 60 a 64 anos con mamografia vigente (<= 2 anos),13,13130,224,0,1,40,60_64
6,13,2025,113302,P1207050,Mujeres 65 a 69 anos con mamografia vigente (<= 2 anos),13,13130,120,0,1,17,65_69
12,13,2025,113326,P1207050,Mujeres 65 a 69 anos con mamografia vigente (<= 2 anos),13,13109,402,0,5,3,65_69
12,10,2025,200965,P1220030,Mujeres 50 a 54 anos con mamografia vigente (<= 2 anos),13,13501,229,0,4,15,50_54
12,13,2025,113321,P1220030,Mujeres 50 a 54 anos con mamografia vigente (<= 2 anos),13,13403,187,0,3,3,50_54
12,13,2025,113321,P1207030,Mujeres 55 a 59 anos con mamografia vigente (<= 2 anos),13,13403,167,0,0,1,55_59
12,13,2025,113321,P1207040,Mujeres 60 a 64 anos con mamografia vigente (<= 2 anos),13,13403,158,0,1,2,60_64
12,13,2025,113321,P1207050,Mujeres 65 a 69 anos con mamografia vigente (<= 2 anos),13,13403,80,0,2,0,65_69
6,13,2025,113300,P1220030,Mujeres 50 a 54 anos con mamografia vigente (<= 2 anos),13,13130,594,0,5,121,50_54
6,13,2025,113300,P1207030,Mujeres 55 a 59 anos con mamografia vigente (<= 2 anos),13,13130,645,0,2,132,55_59
6,13,2025,113300,P1207040,Mujeres 60 a 64 anos con mamografia vigente (<= 2 anos),13,13130,709,0,5,133,60_64
12,10,2025,200965,P1207030,Mujeres 55 a 59 anos con mamografia vigente (<= 2 anos),13,13501,175,0,6,20,55_59
12,10,2025,200965,P1207040,Mujeres 60 a 64 anos con mamografia vigente (<= 2 anos),13,13501,116,0,3,11,60_64
12,10,2025,200965,P1207050,Mujeres 65 a 69 anos con mamografia vigente (<= 2 anos),13,13501,58,0,1,1,65_69
12,13,2025,113326,P1220030,Mujeres 50 a 54 anos con mamografia vigente (<= 2 anos),13,13109,647,0,5,56,50_54
12,13,2025,113326,P1207030,Mujeres 55 a 59 anos con mamografia vigente (<= 2 anos),13,13109,657,0,8,50,55_59
12,13,2025,113326,P1207040,Mujeres 60 a 64 anos con mamografia vigente (<= 2 anos),13,13109,694,0,10,20,60_64
6,13,2025,113409,P1207040,Mujeres 60 a 64 anos con mamografia vigente (<= 2 anos),13,13404,66,0,1,0,60_64
6,13,2025,113409,P1207050,Mujeres 65 a 69 anos con mamografia vigente (<= 2 anos),13,13404,36,0,0,0,65_69
12,13,2025,200361,P1220030,Mujeres 50 a 54 anos con mamografia vigente (<= 2 anos),13,13130,8,0,1,3,50_54
6,11,2025,111383,P1207040,Mujeres 60 a 64 anos con mamografia vigente (<= 2 anos),13,13119,267,0,12,13,60_64
6,11,2025,111383,P1207050,Mujeres 65 a 69 anos con mamografia vigente (<= 2 anos),13,13119,158,0,7,12,65_69
6,13,2025,113321,P1220030,Mujeres 50 a 54 anos con mamografia vigente (<= 2 anos),13,13403,148,0,0,0,50_54
6,13,2025,113321,P1207030,Mujeres 55 a 59 anos con mamografia vigente (<= 2 anos),13,13403,124,0,0,0,55_59
6,13,2025,113321,P1207040,Mujeres 60 a 64 anos con mamografia vigente (<= 2 anos),13,13403,125,0,0,0,60_64
6,13,2025,113321,P1207050,Mujeres 65 a 69 anos con mamografia vigente (<= 2 anos),13,13403,69,0,0,0,65_69
12,10,2025,110400,P1220030,Mujeres 50 a 54 anos con mamografia vigente (<= 2 anos),13,13601,79,0,0,0,50_54
12,10,2025,110400,P1207030,Mujeres 55 a 59 anos con mamografia vigente (<= 2 anos),13,13601,52,0,0,0,55_59
12,13,2025,113305,P1207040,Mujeres 60 a 64 anos con mamografia vigente (<= 2 anos),13,13129,230,0,3,20,60_64
12,13,2025,113305,P1207050,Mujeres 65 a 69 anos con mamografia vigente (<= 2 anos),13,13129,155,0,0,12,65_69
12,13,2025,113306,P1207030,Mujeres 55 a 59 anos con mamografia vigente (<= 2 anos),13,13121,376,0,4,5,55_59
12,13,2025,113306,P1207040,Mujeres 60 a 64 anos con mamografia vigente (<= 2 anos),13,13121,444,0,7,2,60_64
12,13,2025,113306,P1207050,Mujeres 65 a 69 anos con mamografia vigente (<= 2 anos),13,13121,174,0,3,1,65_69
12,13,2025,200361,P1207030,Mujeres 55 a 59 anos con mamografia vigente (<= 2 anos),13,13130,25,0,0,7,55_59
12,13,2025,200361,P1207040,Mujeres 60 a 64 anos con mamografia vigente (<= 2 anos),13,13130,24,0,0,7,60_64
12,13,2025,200361,P1207050,Mujeres 65 a 69 anos con mamografia vigente (<= 2 anos),13,13130,16,0,0,3,65_69
12,10,2025,110400,P1207040,Mujeres 60 a 64 anos con mamografia vigente (<= 2 anos),13,13601,58,0,0,0,60_64
12,10,2025,110400,P1207050,Mujeres 65 a 69 anos con mamografia vigente (<= 2 anos),13,13601,13,0,0,0,65_69
12,13,2025,200962,P1220030,Mujeres 50 a 54 anos con mamografia vigente (<= 2 anos),13,13105,43,0,0,3,50_54
12,13,2025,200962,P1207030,Mujeres 55 a 59 anos con mamografia vigente (<= 2 anos),13,13105,57,0,0,1,55_59
12,13,2025,200962,P1207040,Mujeres 60 a 64 anos con mamografia vigente (<= 2 anos),13,13105,49,0,0,0,60_64
12,13,2025,200962,P1207050,Mujeres 65 a 69 anos con mamografia vigente (<= 2 anos),13,13105,31,0,0,0,65_69
12,13,2025,113320,P1220030,Mujeres 50 a 54 anos con mamografia vigente (<= 2 anos),13,13402,309,0,0,0,50_54
12,13,2025,113320,P1207030,Mujeres 55 a 59 anos con mamografia vigente (<= 2 anos),13,13402,285,0,0,0,55_59
12,13,2025,113320,P1207040,Mujeres 60 a 64 anos con mamografia vigente (<= 2 anos),13,13402,234,0,0,0,60_64
12,13,2025,113320,P1207050,Mujeres 65 a 69 anos con mamografia vigente (<= 2 anos),13,13402,148,0,0,0,65_69
12,10,2025,110445,P1220030,Mujeres 50 a 54 anos con mamografia vigente (<= 2 anos),13,13501,33,0,0,0,50_54
12,10,2025,110445,P1207030,Mujeres 55 a 59 anos con mamografia vigente (<= 2 anos),13,13501,47,0,0,0,55_59
12,10,2025,110445,P1207040,Mujeres 60 a 64 anos con mamografia vigente (<= 2 anos),13,13501,50,0,0,0,60_64
12,11,2025,111704,P1220030,Mujeres 50 a 54 anos con mamografia vigente (<= 2 anos),13,13119,32,0,1,0,50_54
12,11,2025,111704,P1207030,Mujeres 55 a 59 anos con mamografia vigente (<= 2 anos),13,13119,41,0,2,1,55_59
12,11,2025,111704,P1207040,Mujeres 60 a 64 anos con mamografia vigente (<= 2 anos),13,13119,19,0,0,1,60_64
12,11,2025,111304,P1220030,Mujeres 50 a 54 anos con mamografia vigente (<= 2 anos),13,13119,354,0,6,12,50_54
12,11,2025,111304,P1207030,Mujeres 55 a 59 anos con mamografia vigente (<= 2 anos),13,13119,360,0,5,5,55_59
12,11,2025,111304,P1207040,Mujeres 60 a 64 anos con mamografia vigente (<= 2 anos),13,13119,507,0,9,3,60_64
6,13,2025,113317,P1207030,Mujeres 55 a 59 anos con mamografia vigente (<= 2 anos),13,13105,548,0,26,11,55_59
6,13,2025,113317,P1207040,Mujeres 60 a 64 anos con mamografia vigente (<= 2 anos),13,13105,607,0,14,6,60_64
6,13,2025,113317,P1207050,Mujeres 65 a 69 anos con mamografia vigente (<= 2 anos),13,13105,263,0,25,5,65_69
6,13,2025,113413,P1220030,Mujeres 50 a 54 anos con mamografia vigente (<= 2 anos),13,13403,7,0,0,0,50_54
6,13,2025,113413,P1207030,Mujeres 55 a 59 anos con mamografia vigente (<= 2 anos),13,13403,5,0,0,0,55_59
6,13,2025,113413,P1207040,Mujeres 60 a 64 anos con mamografia vigente (<= 2 anos),13,13403,8,0,0,0,60_64
12,13,2025,113329,P1220030,Mujeres 50 a 54 anos con mamografia vigente (<= 2 anos),13,13105,329,0,10,12,50_54
12,13,2025,113329,P1207030,Mujeres 55 a 59 anos con mamografia vigente (<= 2 anos),13,13105,342,0,9,11,55_59
12,13,2025,113329,P1207040,Mujeres 60 a 64 anos con mamografia vigente (<= 2 anos),13,13105,289,0,9,9,60_64
12,13,2025,113329,P1207050,Mujeres 65 a 69 anos con mamografia vigente (<= 2 anos),13,13105,187,0,5,2,65_69
6,11,2025,111382,P1207040,Mujeres 60 a 64 anos con mamografia vigente (<= 2 anos),13,13119,526,0,0,2,60_64
12,13,2025,113303,P1207030,Mujeres 55 a 59 anos con mamografia vigente (<= 2 anos),13,13121,406,0,4,10,55_59
12,13,2025,113303,P1207040,Mujeres 60 a 64 anos con mamografia vigente (<= 2 anos),13,13121,531,0,10,4,60_64
12,13,2025,113303,P1207050,Mujeres 65 a 69 anos con mamografia vigente (<= 2 anos),13,13121,261,0,3,2,65_69
12,11,2025,111302,P1207040,Mujeres 60 a 64 anos con mamografia vigente (<= 2 anos),13,13106,102,0,2,18,60_64
12,11,2025,111302,P1207050,Mujeres 65 a 69 anos con mamografia vigente (<= 2 anos),13,13106,76,0,2,11,65_69
6,13,2025,113300,P1207050,Mujeres 65 a 69 anos con mamografia vigente (<= 2 anos),13,13130,477,0,5,66,65_69
12,11,2025,111302,P1220030,Mujeres 50 a 54 anos con mamografia vigente (<= 2 anos),13,13106,141,0,4,19,50_54
12,11,2025,111302,P1207030,Mujeres 55 a 59 anos con mamografia vigente (<= 2 anos),13,13106,145,0,3,21,55_59
12,11,2025,111304,P1207050,Mujeres 65 a 69 anos con mamografia vigente (<= 2 anos),13,13119,385,0,0,0,65_69
6,11,2025,111382,P1207050,Mujeres 65 a 69 anos con mamografia vigente (<= 2 anos),13,13119,361,0,1,0,65_69
12,10,2025,110490,P1220030,Mujeres 50 a 54 anos con mamografia vigente (<= 2 anos),13,13505,8,0,0,0,50_54
12,10,2025,110490,P1207030,Mujeres 55 a 59 anos con mamografia vigente (<= 2 anos),13,13505,11,0,0,0,55_59
12,10,2025,110490,P1207040,Mujeres 60 a 64 anos con mamografia vigente (<= 2 anos),13,13505,5,0,0,0,60_64
12,10,2025,110490,P1207050,Mujeres 65 a 69 anos con mamografia vigente (<= 2 anos),13,13505,3,0,0,0,65_69
12,11,2025,111379,P1220030,Mujeres 50 a 54 anos con mamografia vigente (<= 2 anos),13,13119,271,0,0,12,50_54
12,11,2025,111379,P1207030,Mujeres 55 a 59 anos con mamografia vigente (<= 2 anos),13,13119,288,0,2,18,55_59
6,13,2025,113413,P1207050,Mujeres 65 a 69 anos con mamografia vigente (<= 2 anos),13,13403,3,0,0,0,65_69
12,11,2025,111379,P1207040,Mujeres 60 a 64 anos con mamografia vigente (<= 2 anos),13,13119,387,0,3,3,60_64
12,11,2025,111379,P1207050,Mujeres 65 a 69 anos con mamografia vigente (<= 2 anos),13,13119,262,0,3,0,65_69
12,11,2025,111704,P1207050,Mujeres 65 a 69 anos con mamografia vigente (<= 2 anos),13,13119,17,0,1,0,65_69
6,11,2025,111382,P1220030,Mujeres 50 a 54 anos con mamografia vigente (<= 2 anos),13,13119,395,0,0,7,50_54
6,11,2025,111382,P1207030,Mujeres 55 a 59 anos con mamografia vigente (<= 2 anos),13,13119,413,0,0,3,55_59
6,13,2025,111303,P1220030,Mujeres 50 a 54 anos con mamografia vigente (<= 2 anos),13,13121,352,0,5,45,50_54
6,13,2025,111303,P1207030,Mujeres 55 a 59 anos con mamografia vigente (<= 2 anos),13,13121,338,0,9,19,55_59
6,13,2025,111303,P1207040,Mujeres 60 a 64 anos con mamografia vigente (<= 2 anos),13,13121,403,0,6,14,60_64
12,13,2025,200210,P1220030,Mujeres 50 a 54 anos con mamografia vigente (<= 2 anos),13,13129,115,0,4,5,50_54
12,13,2025,200210,P1207030,Mujeres 55 a 59 anos con mamografia vigente (<= 2 anos),13,13129,117,0,5,4,55_59
12,13,2025,200210,P1207040,Mujeres 60 a 64 anos con mamografia vigente (<= 2 anos),13,13129,120,0,1,5,60_64
6,13,2025,113310,P1207050,Mujeres 65 a 69 anos con mamografia vigente (<= 2 anos),13,13116,153,0,3,0,65_69
6,13,2025,111303,P1207050,Mujeres 65 a 69 anos con mamografia vigente (<= 2 anos),13,13121,267,0,2,2,65_69
12,10,2025,110465,P1207040,Mujeres 60 a 64 anos con mamografia vigente (<= 2 anos),13,13504,30,0,0,0,60_64
12,10,2025,110465,P1207050,Mujeres 65 a 69 anos con mamografia vigente (<= 2 anos),13,13504,15,0,0,0,65_69
6,10,2025,110393,P1220030,Mujeres 50 a 54 anos con mamografia vigente (<= 2 anos),13,13502,76,0,4,15,50_54
6,10,2025,110393,P1207030,Mujeres 55 a 59 anos con mamografia vigente (<= 2 anos),13,13502,65,0,2,10,55_59
6,10,2025,110393,P1207040,Mujeres 60 a 64 anos con mamografia vigente (<= 2 anos),13,13502,52,0,0,4,60_64
6,10,2025,110393,P1207050,Mujeres 65 a 69 anos con mamografia vigente (<= 2 anos),13,13502,40,0,0,0,65_69
6,13,2025,200210,P1207040,Mujeres 60 a 64 anos con mamografia vigente (<= 2 anos),13,13129,118,0,2,7,60_64
6,13,2025,200210,P1207050,Mujeres 65 a 69 anos con mamografia vigente (<= 2 anos),13,13129,48,0,0,3,65_69
6,13,2025,200210,P1220030,Mujeres 50 a 54 anos con mamografia vigente (<= 2 anos),13,13129,117,0,7,8,50_54
6,13,2025,200210,P1207030,Mujeres 55 a 59 anos con mamografia vigente (<= 2 anos),13,13129,118,0,3,4,55_59
6,11,2025,201674,P1220030,Mujeres 50 a 54 anos con mamografia vigente (<= 2 anos),13,13119,71,0,6,5,50_54
12,10,2025,110445,P1207050,Mujeres 65 a 69 anos con mamografia vigente (<= 2 anos),13,13501,32,0,0,0,65_69
12,10,2025,110465,P1220030,Mujeres 50 a 54 anos con mamografia vigente (<= 2 anos),13,13504,23,0,0,1,50_54
12,10,2025,110465,P1207030,Mujeres 55 a 59 anos con mamografia vigente (<= 2 anos),13,13504,22,0,0,0,55_59
6,13,2025,113334,P1220030,Mujeres 50 a 54 anos con mamografia vigente (<= 2 anos),13,13403,195,0,5,10,50_54
6,13,2025,113334,P1207030,Mujeres 55 a 59 anos con mamografia vigente (<= 2 anos),13,13403,176,0,2,3,55_59
6,13,2025,113334,P1207040,Mujeres 60 a 64 anos con mamografia vigente (<= 2 anos),13,13403,193,0,3,7,60_64
6,13,2025,113334,P1207050,Mujeres 65 a 69 anos con mamografia vigente (<= 2 anos),13,13403,118,0,2,3,65_69
6,13,2025,113333,P1220030,Mujeres 50 a 54 anos con mamografia vigente (<= 2 anos),13,13402,129,0,5,3,50_54
6,13,2025,113333,P1207030,Mujeres 55 a 59 anos con mamografia vigente (<= 2 anos),13,13402,110,0,3,4,55_59
12,11,2025,111382,P1207030,Mujeres 55 a 59 anos con mamografia vigente (<= 2 anos),13,13119,352,0,4,14,55_59
12,11,2025,111382,P1207040,Mujeres 60 a 64 anos con mamografia vigente (<= 2 anos),13,13119,493,0,1,2,60_64
6,11,2025,111307,P1220030,Mujeres 50 a 54 anos con mamografia vigente (<= 2 anos),13,13102,96,0,4,3,50_54
6,11,2025,111307,P1207030,Mujeres 55 a 59 anos con mamografia vigente (<= 2 anos),13,13102,74,0,4,4,55_59
6,11,2025,111307,P1207040,Mujeres 60 a 64 anos con mamografia vigente (<= 2 anos),13,13102,81,0,4,1,60_64
6,11,2025,111307,P1207050,Mujeres 65 a 69 anos con mamografia vigente (<= 2 anos),13,13102,21,0,3,1,65_69
12,11,2025,200643,P1220030,Mujeres 50 a 54 anos con mamografia vigente (<= 2 anos),13,13119,25,0,4,0,50_54
12,11,2025,200643,P1207030,Mujeres 55 a 59 anos con mamografia vigente (<= 2 anos),13,13119,23,0,2,0,55_59
6,10,2025,110754,P1220030,Mujeres 50 a 54 anos con mamografia vigente (<= 2 anos),13,13124,23,0,4,4,50_54
6,10,2025,110754,P1207030,Mujeres 55 a 59 anos con mamografia vigente (<= 2 anos),13,13124,33,0,6,4,55_59
6,10,2025,110754,P1207040,Mujeres 60 a 64 anos con mamografia vigente (<= 2 anos),13,13124,32,0,4,1,60_64
6,10,2025,110754,P1207050,Mujeres 65 a 69 anos con mamografia vigente (<= 2 anos),13,13124,20,0,2,0,65_69
12,13,2025,113316,P1207040,Mujeres 60 a 64 anos con mamografia vigente (<= 2 anos),13,13401,372,0,0,0,60_64
12,13,2025,113316,P1207050,Mujeres 65 a 69 anos con mamografia vigente (<= 2 anos),13,13401,151,0,0,0,65_69
12,11,2025,111370,P1220030,Mujeres 50 a 54 anos con mamografia vigente (<= 2 anos),13,13101,309,0,12,185,50_54
12,11,2025,111370,P1207030,Mujeres 55 a 59 anos con mamografia vigente (<= 2 anos),13,13101,260,0,2,148,55_59
12,11,2025,111370,P1207040,Mujeres 60 a 64 anos con mamografia vigente (<= 2 anos),13,13101,297,0,8,143,60_64
12,13,2025,111303,P1207050,Mujeres 65 a 69 anos con mamografia vigente (<= 2 anos),13,13121,218,0,0,2,65_69
6,13,2025,113320,P1220030,Mujeres 50 a 54 anos con mamografia vigente (<= 2 anos),13,13402,295,0,0,0,50_54
6,13,2025,113320,P1207030,Mujeres 55 a 59 anos con mamografia vigente (<= 2 anos),13,13402,266,0,0,0,55_59
6,13,2025,113320,P1207040,Mujeres 60 a 64 anos con mamografia vigente (<= 2 anos),13,13402,222,0,0,0,60_64
6,13,2025,113320,P1207050,Mujeres 65 a 69 anos con mamografia vigente (<= 2 anos),13,13402,140,0,0,0,65_69
6,13,2025,200337,P1207050,Mujeres 65 a 69 anos con mamografia vigente (<= 2 anos),13,13129,7,0,0,0,65_69
6,11,2025,111304,P1220030,Mujeres 50 a 54 anos con mamografia vigente (<= 2 anos),13,13119,322,0,6,12,50_54
6,11,2025,111304,P1207030,Mujeres 55 a 59 anos con mamografia vigente (<= 2 anos),13,13119,333,0,5,5,55_59
12,10,2025,110353,P1220030,Mujeres 50 a 54 anos con mamografia vigente (<= 2 anos),13,13124,349,0,16,6,50_54
12,10,2025,110353,P1207030,Mujeres 55 a 59 anos con mamografia vigente (<= 2 anos),13,13124,270,0,12,1,55_59
12,10,2025,110353,P1207040,Mujeres 60 a 64 anos con mamografia vigente (<= 2 anos),13,13124,211,0,7,1,60_64
12,10,2025,110353,P1207050,Mujeres 65 a 69 anos con mamografia vigente (<= 2 anos),13,13124,129,0,7,0,65_69
6,9,2025,109718,P1220030,Mujeres 50 a 54 anos con mamografia vigente (<= 2 anos),13,13107,69,0,3,10,50_54
12,9,2025,109305,P1220030,Mujeres 50 a 54 anos con mamografia vigente (<= 2 anos),13,13107,395,0,8,28,50_54
6,9,2025,200609,P1220030,Mujeres 50 a 54 anos con mamografia vigente (<= 2 anos),13,13104,30,0,0,2,50_54
6,13,2025,113332,P1220030,Mujeres 50 a 54 anos con mamografia vigente (<= 2 anos),13,13401,419,0,0,0,50_54
6,13,2025,113332,P1207030,Mujeres 55 a 59 anos con mamografia vigente (<= 2 anos),13,13401,304,0,0,0,55_59
12,13,2025,113410,P1207030,Mujeres 55 a 59 anos con mamografia vigente (<= 2 anos),13,13404,46,0,0,0,55_59
12,13,2025,113410,P1207040,Mujeres 60 a 64 anos con mamografia vigente (<= 2 anos),13,13404,34,0,1,0,60_64
12,13,2025,113410,P1207050,Mujeres 65 a 69 anos con mamografia vigente (<= 2 anos),13,13404,31,0,0,0,65_69
12,13,2025,113331,P1207050,Mujeres 65 a 69 anos con mamografia vigente (<= 2 anos),13,13121,270,0,1,2,65_69
6,9,2025,200609,P1207040,Mujeres 60 a 64 anos con mamografia vigente (<= 2 anos),13,13104,26,0,0,0,60_64
12,9,2025,200961,P1207050,Mujeres 65 a 69 anos con mamografia vigente (<= 2 anos),13,13107,147,0,0,58,65_69
6,9,2025,109314,P1207040,Mujeres 60 a 64 anos con mamografia vigente (<= 2 anos),13,13104,424,0,11,38,60_64
12,9,2025,109417,P1207050,Mujeres 65 a 69 anos con mamografia vigente (<= 2 anos),13,13301,13,0,0,0,65_69
6,9,2025,109311,P1220030,Mujeres 50 a 54 anos con mamografia vigente (<= 2 anos),13,13302,513,0,8,55,50_54
12,9,2025,109300,P1220030,Mujeres 50 a 54 anos con mamografia vigente (<= 2 anos),13,13108,690,0,0,387,50_54
12,9,2025,200554,P1220030,Mujeres 50 a 54 anos con mamografia vigente (<= 2 anos),13,13108,105,0,0,8,50_54
12,10,2025,110335,P1220030,Mujeres 50 a 54 anos con mamografia vigente (<= 2 anos),13,13103,339,0,30,25,50_54
12,10,2025,110387,P1207050,Mujeres 65 a 69 anos con mamografia vigente (<= 2 anos),13,13505,31,0,0,0,65_69
12,12,2025,112320,P1207050,Mujeres 65 a 69 anos con mamografia vigente (<= 2 anos),13,13113,78,0,2,1,65_69
6,10,2025,110353,P1207040,Mujeres 60 a 64 anos con mamografia vigente (<= 2 anos),13,13124,135,0,5,8,60_64
6,10,2025,110353,P1207050,Mujeres 65 a 69 anos con mamografia vigente (<= 2 anos),13,13124,67,0,3,0,65_69
12,12,2025,112317,P1220030,Mujeres 50 a 54 anos con mamografia vigente (<= 2 anos),13,13113,553,0,14,9,50_54
12,12,2025,112317,P1207030,Mujeres 55 a 59 anos con mamografia vigente (<= 2 anos),13,13113,534,0,21,4,55_59
12,12,2025,112317,P1207040,Mujeres 60 a 64 anos con mamografia vigente (<= 2 anos),13,13113,572,0,15,3,60_64
12,10,2025,110352,P1220030,Mujeres 50 a 54 anos con mamografia vigente (<= 2 anos),13,13124,302,0,7,5,50_54
12,10,2025,110352,P1207030,Mujeres 55 a 59 anos con mamografia vigente (<= 2 anos),13,13124,475,0,9,4,55_59
12,10,2025,110352,P1207040,Mujeres 60 a 64 anos con mamografia vigente (<= 2 anos),13,13124,551,0,10,4,60_64
12,10,2025,110352,P1207050,Mujeres 65 a 69 anos con mamografia vigente (<= 2 anos),13,13124,249,0,1,0,65_69
6,10,2025,110364,P1220030,Mujeres 50 a 54 anos con mamografia vigente (<= 2 anos),13,13128,240,0,17,21,50_54
6,10,2025,110364,P1207030,Mujeres 55 a 59 anos con mamografia vigente (<= 2 anos),13,13128,206,0,10,21,55_59
6,10,2025,110364,P1207040,Mujeres 60 a 64 anos con mamografia vigente (<= 2 anos),13,13128,158,0,6,8,60_64
6,10,2025,110364,P1207050,Mujeres 65 a 69 anos con mamografia vigente (<= 2 anos),13,13128,74,0,3,0,65_69
6,10,2025,110756,P1220030,Mujeres 50 a 54 anos con mamografia vigente (<= 2 anos),13,13124,30,0,0,0,50_54
6,10,2025,110756,P1207030,Mujeres 55 a 59 anos con mamografia vigente (<= 2 anos),13,13124,40,0,1,1,55_59
6,14,2025,114714,P1207040,Mujeres 60 a 64 anos con mamografia vigente (<= 2 anos),13,13131,64,0,0,5,60_64
6,14,2025,114714,P1207050,Mujeres 65 a 69 anos con mamografia vigente (<= 2 anos),13,13131,39,0,0,2,65_69
6,14,2025,114323,P1220030,Mujeres 50 a 54 anos con mamografia vigente (<= 2 anos),13,13201,253,0,0,0,50_54
6,14,2025,114323,P1207030,Mujeres 55 a 59 anos con mamografia vigente (<= 2 anos),13,13201,239,0,0,0,55_59
6,14,2025,114323,P1207040,Mujeres 60 a 64 anos con mamografia vigente (<= 2 anos),13,13201,177,0,0,0,60_64
12,14,2025,114311,P1220030,Mujeres 50 a 54 anos con mamografia vigente (<= 2 anos),13,13112,240,0,0,0,50_54
12,14,2025,114311,P1207030,Mujeres 55 a 59 anos con mamografia vigente (<= 2 anos),13,13112,225,0,0,0,55_59
12,14,2025,114311,P1207040,Mujeres 60 a 64 anos con mamografia vigente (<= 2 anos),13,13112,230,0,0,0,60_64
12,13,2025,113311,P1207030,Mujeres 55 a 59 anos con mamografia vigente (<= 2 anos),13,13109,680,0,0,0,55_59
12,13,2025,113311,P1207040,Mujeres 60 a 64 anos con mamografia vigente (<= 2 anos),13,13109,670,0,0,0,60_64
12,13,2025,113311,P1207050,Mujeres 65 a 69 anos con mamografia vigente (<= 2 anos),13,13109,470,0,0,0,65_69
6,14,2025,114306,P1207050,Mujeres 65 a 69 anos con mamografia vigente (<= 2 anos),13,13111,110,0,14,3,65_69
12,14,2025,114318,P1220030,Mujeres 50 a 54 anos con mamografia vigente (<= 2 anos),13,13112,119,0,4,0,50_54
12,14,2025,114318,P1207030,Mujeres 55 a 59 anos con mamografia vigente (<= 2 anos),13,13112,77,0,2,0,55_59
12,14,2025,114407,P1220030,Mujeres 50 a 54 anos con mamografia vigente (<= 2 anos),13,13203,33,0,1,0,50_54
12,14,2025,114407,P1207030,Mujeres 55 a 59 anos con mamografia vigente (<= 2 anos),13,13203,32,0,0,0,55_59
12,14,2025,114401,P1207030,Mujeres 55 a 59 anos con mamografia vigente (<= 2 anos),13,13202,12,0,0,0,55_59
12,14,2025,114401,P1207040,Mujeres 60 a 64 anos con mamografia vigente (<= 2 anos),13,13202,12,0,0,0,60_64
12,14,2025,114401,P1207050,Mujeres 65 a 69 anos con mamografia vigente (<= 2 anos),13,13202,8,0,0,1,65_69
6,9,2025,109316,P1220030,Mujeres 50 a 54 anos con mamografia vigente (<= 2 anos),13,13301,612,0,0,110,50_54
12,9,2025,109314,P1220030,Mujeres 50 a 54 anos con mamografia vigente (<= 2 anos),13,13104,234,0,7,30,50_54
12,9,2025,109300,P1207030,Mujeres 55 a 59 anos con mamografia vigente (<= 2 anos),13,13108,603,0,1,446,55_59
12,9,2025,109104,P1207050,Mujeres 65 a 69 anos con mamografia vigente (<= 2 anos),13,13303,100,0,0,0,65_69
6,9,2025,109716,P1207030,Mujeres 55 a 59 anos con mamografia vigente (<= 2 anos),13,13301,45,0,0,0,55_59
6,9,2025,109320,P1220030,Mujeres 50 a 54 anos con mamografia vigente (<= 2 anos),13,13303,157,0,0,5,50_54
12,9,2025,109309,P1207030,Mujeres 55 a 59 anos con mamografia vigente (<= 2 anos),13,13104,305,0,4,21,55_59
6,9,2025,201212,P1220030,Mujeres 50 a 54 anos con mamografia vigente (<= 2 anos),13,13302,154,0,3,19,50_54
12,9,2025,109104,P1207030,Mujeres 55 a 59 anos con mamografia vigente (<= 2 anos),13,13303,118,0,0,0,55_59
12,9,2025,109416,P1220030,Mujeres 50 a 54 anos con mamografia vigente (<= 2 anos),13,13301,24,0,0,0,50_54
6,9,2025,109317,P1207040,Mujeres 60 a 64 anos con mamografia vigente (<= 2 anos),13,13107,181,0,1,1,60_64
12,9,2025,200961,P1207040,Mujeres 60 a 64 anos con mamografia vigente (<= 2 anos),13,13107,153,0,0,41,60_64
12,9,2025,109300,P1207050,Mujeres 65 a 69 anos con mamografia vigente (<= 2 anos),13,13108,253,0,0,77,65_69
6,9,2025,109308,P1207030,Mujeres 55 a 59 anos con mamografia vigente (<= 2 anos),13,13104,412,0,15,53,55_59
12,9,2025,109709,P1207040,Mujeres 60 a 64 anos con mamografia vigente (<= 2 anos),13,13104,103,0,2,10,60_64
6,9,2025,109416,P1207050,Mujeres 65 a 69 anos con mamografia vigente (<= 2 anos),13,13301,11,0,0,0,65_69
12,9,2025,109715,P1207030,Mujeres 55 a 59 anos con mamografia vigente (<= 2 anos),13,13125,21,0,1,2,55_59
6,9,2025,109715,P1207030,Mujeres 55 a 59 anos con mamografia vigente (<= 2 anos),13,13125,13,0,0,3,55_59
12,9,2025,109311,P1207040,Mujeres 60 a 64 anos con mamografia vigente (<= 2 anos),13,13302,240,0,0,20,60_64
6,9,2025,201462,P1207050,Mujeres 65 a 69 anos con mamografia vigente (<= 2 anos),13,13301,103,0,0,5,65_69
12,9,2025,109313,P1207040,Mujeres 60 a 64 anos con mamografia vigente (<= 2 anos),13,13125,365,0,15,18,60_64
12,9,2025,109314,P1207030,Mujeres 55 a 59 anos con mamografia vigente (<= 2 anos),13,13104,458,0,6,43,55_59
6,9,2025,200347,P1220030,Mujeres 50 a 54 anos con mamografia vigente (<= 2 anos),13,13104,99,0,4,9,50_54
6,9,2025,109311,P1207030,Mujeres 55 a 59 anos con mamografia vigente (<= 2 anos),13,13302,402,0,7,41,55_59
12,9,2025,109310,P1207050,Mujeres 65 a 69 anos con mamografia vigente (<= 2 anos),13,13301,367,0,9,41,65_69
6,9,2025,200347,P1207030,Mujeres 55 a 59 anos con mamografia vigente (<= 2 anos),13,13104,96,0,1,6,55_59
6,9,2025,109305,P1220030,Mujeres 50 a 54 anos con mamografia vigente (<= 2 anos),13,13107,262,0,4,21,50_54
12,9,2025,109716,P1207050,Mujeres 65 a 69 anos con mamografia vigente (<= 2 anos),13,13301,10,0,0,0,65_69
12,9,2025,201091,P1220030,Mujeres 50 a 54 anos con mamografia vigente (<= 2 anos),13,13125,271,0,0,22,50_54
12,9,2025,109301,P1207050,Mujeres 65 a 69 anos con mamografia vigente (<= 2 anos),13,13127,249,0,0,45,65_69
12,9,2025,109419,P1207050,Mujeres 65 a 69 anos con mamografia vigente (<= 2 anos),13,13301,8,0,0,0,65_69
6,9,2025,109390,P1220030,Mujeres 50 a 54 anos con mamografia vigente (<= 2 anos),13,13127,456,0,0,9,50_54
12,9,2025,109713,P1207040,Mujeres 60 a 64 anos con mamografia vigente (<= 2 anos),13,13125,24,0,0,0,60_64
6,9,2025,109419,P1220030,Mujeres 50 a 54 anos con mamografia vigente (<= 2 anos),13,13301,6,0,0,0,50_54
12,9,2025,109419,P1220030,Mujeres 50 a 54 anos con mamografia vigente (<= 2 anos),13,13301,22,0,0,0,50_54
12,9,2025,109304,P1207040,Mujeres 60 a 64 anos con mamografia vigente (<= 2 anos),13,13127,174,0,0,6,60_64
12,9,2025,109310,P1207040,Mujeres 60 a 64 anos con mamografia vigente (<= 2 anos),13,13301,500,0,14,66,60_64
12,9,2025,109709,P1220030,Mujeres 50 a 54 anos con mamografia vigente (<= 2 anos),13,13104,115,0,7,13,50_54
12,9,2025,109709,P1207030,Mujeres 55 a 59 anos con mamografia vigente (<= 2 anos),13,13104,93,0,2,9,55_59
6,9,2025,109410,P1207040,Mujeres 60 a 64 anos con mamografia vigente (<= 2 anos),13,13303,9,0,0,0,60_64
6,9,2025,109323,P1220030,Mujeres 50 a 54 anos con mamografia vigente (<= 2 anos),13,13107,216,0,18,2,50_54
12,9,2025,200609,P1207050,Mujeres 65 a 69 anos con mamografia vigente (<= 2 anos),13,13104,18,0,1,0,65_69
12,9,2025,109305,P1207030,Mujeres 55 a 59 anos con mamografia vigente (<= 2 anos),13,13107,425,0,5,21,55_59
6,9,2025,109718,P1207030,Mujeres 55 a 59 anos con mamografia vigente (<= 2 anos),13,13107,86,0,2,9,55_59
6,9,2025,109412,P1207040,Mujeres 60 a 64 anos con mamografia vigente (<= 2 anos),13,13303,16,0,0,0,60_64
6,9,2025,109715,P1207040,Mujeres 60 a 64 anos con mamografia vigente (<= 2 anos),13,13125,20,0,0,3,60_64
6,9,2025,109413,P1220030,Mujeres 50 a 54 anos con mamografia vigente (<= 2 anos),13,13303,10,0,0,0,50_54
12,9,2025,109323,P1207030,Mujeres 55 a 59 anos con mamografia vigente (<= 2 anos),13,13107,267,0,13,10,55_59
12,9,2025,201212,P1207050,Mujeres 65 a 69 anos con mamografia vigente (<= 2 anos),13,13302,48,0,0,3,65_69
6,9,2025,109310,P1220030,Mujeres 50 a 54 anos con mamografia vigente (<= 2 anos),13,13301,554,0,11,255,50_54
12,9,2025,109716,P1220030,Mujeres 50 a 54 anos con mamografia vigente (<= 2 anos),13,13301,55,0,2,0,50_54
12,9,2025,109420,P1207050,Mujeres 65 a 69 anos con mamografia vigente (<= 2 anos),13,13301,12,0,0,0,65_69
6,9,2025,109713,P1207050,Mujeres 65 a 69 anos con mamografia vigente (<= 2 anos),13,13125,20,0,0,0,65_69
6,9,2025,109311,P1207050,Mujeres 65 a 69 anos con mamografia vigente (<= 2 anos),13,13302,153,0,3,13,65_69
6,9,2025,109718,P1207050,Mujeres 65 a 69 anos con mamografia vigente (<= 2 anos),13,13107,74,0,0,7,65_69
6,9,2025,109300,P1207040,Mujeres 60 a 64 anos con mamografia vigente (<= 2 anos),13,13108,518,0,0,271,60_64
12,9,2025,109310,P1220030,Mujeres 50 a 54 anos con mamografia vigente (<= 2 anos),13,13301,610,0,20,147,50_54
6,9,2025,109315,P1207040,Mujeres 60 a 64 anos con mamografia vigente (<= 2 anos),13,13125,370,0,0,0,60_64
12,9,2025,109418,P1207040,Mujeres 60 a 64 anos con mamografia vigente (<= 2 anos),13,13301,15,0,0,1,60_64
6,9,2025,109420,P1207040,Mujeres 60 a 64 anos con mamografia vigente (<= 2 anos),13,13301,18,0,0,0,60_64
12,9,2025,200609,P1220030,Mujeres 50 a 54 anos con mamografia vigente (<= 2 anos),13,13104,67,0,3,3,50_54
6,9,2025,109104,P1220030,Mujeres 50 a 54 anos con mamografia vigente (<= 2 anos),13,13303,140,0,2,0,50_54
12,9,2025,201212,P1207040,Mujeres 60 a 64 anos con mamografia vigente (<= 2 anos),13,13302,127,0,0,10,60_64
6,9,2025,109420,P1220030,Mujeres 50 a 54 anos con mamografia vigente (<= 2 anos),13,13301,18,0,0,0,50_54
6,9,2025,109314,P1220030,Mujeres 50 a 54 anos con mamografia vigente (<= 2 anos),13,13104,298,0,9,49,50_54
12,9,2025,109320,P1220030,Mujeres 50 a 54 anos con mamografia vigente (<= 2 anos),13,13303,160,0,0,9,50_54
6,9,2025,109709,P1207040,Mujeres 60 a 64 anos con mamografia vigente (<= 2 anos),13,13104,93,0,0,10,60_64
12,9,2025,201091,P1207040,Mujeres 60 a 64 anos con mamografia vigente (<= 2 anos),13,13125,393,0,1,14,60_64
12,9,2025,109420,P1207040,Mujeres 60 a 64 anos con mamografia vigente (<= 2 anos),13,13301,21,0,0,0,60_64
6,9,2025,109320,P1207040,Mujeres 60 a 64 anos con mamografia vigente (<= 2 anos),13,13303,68,0,0,1,60_64
6,9,2025,109390,P1207030,Mujeres 55 a 59 anos con mamografia vigente (<= 2 anos),13,13127,409,0,0,12,55_59
12,9,2025,109390,P1207050,Mujeres 65 a 69 anos con mamografia vigente (<= 2 anos),13,13127,283,0,1,6,65_69
6,9,2025,109420,P1207030,Mujeres 55 a 59 anos con mamografia vigente (<= 2 anos),13,13301,21,0,0,0,55_59
6,9,2025,109104,P1207040,Mujeres 60 a 64 anos con mamografia vigente (<= 2 anos),13,13303,98,0,0,0,60_64
6,9,2025,109321,P1207040,Mujeres 60 a 64 anos con mamografia vigente (<= 2 anos),13,13108,360,0,3,87,60_64
6,9,2025,109314,P1207030,Mujeres 55 a 59 anos con mamografia vigente (<= 2 anos),13,13104,354,0,7,39,55_59
6,9,2025,201091,P1220030,Mujeres 50 a 54 anos con mamografia vigente (<= 2 anos),13,13125,294,0,3,35,50_54
12,9,2025,109412,P1220030,Mujeres 50 a 54 anos con mamografia vigente (<= 2 anos),13,13303,26,0,0,0,50_54
6,9,2025,109324,P1207040,Mujeres 60 a 64 anos con mamografia vigente (<= 2 anos),13,13125,342,0,0,0,60_64
12,9,2025,109418,P1207050,Mujeres 65 a 69 anos con mamografia vigente (<= 2 anos),13,13301,7,0,0,0,65_69
6,9,2025,109412,P1207050,Mujeres 65 a 69 anos con mamografia vigente (<= 2 anos),13,13303,16,0,0,0,65_69
12,9,2025,109718,P1207030,Mujeres 55 a 59 anos con mamografia vigente (<= 2 anos),13,13107,106,0,6,11,55_59
12,9,2025,109308,P1220030,Mujeres 50 a 54 anos con mamografia vigente (<= 2 anos),13,13104,368,0,10,34,50_54
12,9,2025,109310,P1207030,Mujeres 55 a 59 anos con mamografia vigente (<= 2 anos),13,13301,495,0,15,109,55_59
6,9,2025,109317,P1207050,Mujeres 65 a 69 anos con mamografia vigente (<= 2 anos),13,13107,92,0,0,1,65_69
6,9,2025,109301,P1207030,Mujeres 55 a 59 anos con mamografia vigente (<= 2 anos),13,13127,449,0,0,110,55_59
6,9,2025,109323,P1207030,Mujeres 55 a 59 anos con mamografia vigente (<= 2 anos),13,13107,177,0,7,3,55_59
6,9,2025,109711,P1207030,Mujeres 55 a 59 anos con mamografia vigente (<= 2 anos),13,13302,64,0,1,4,55_59
6,9,2025,109300,P1207030,Mujeres 55 a 59 anos con mamografia vigente (<= 2 anos),13,13108,555,0,0,330,55_59
12,9,2025,109323,P1220030,Mujeres 50 a 54 anos con mamografia vigente (<= 2 anos),13,13107,305,0,26,8,50_54
6,9,2025,109709,P1207030,Mujeres 55 a 59 anos con mamografia vigente (<= 2 anos),13,13104,117,0,0,14,55_59
12,9,2025,109316,P1220030,Mujeres 50 a 54 anos con mamografia vigente (<= 2 anos),13,13301,628,0,9,41,50_54
6,9,2025,109715,P1220030,Mujeres 50 a 54 anos con mamografia vigente (<= 2 anos),13,13125,15,0,0,2,50_54
6,9,2025,109418,P1207030,Mujeres 55 a 59 anos con mamografia vigente (<= 2 anos),13,13301,29,0,1,2,55_59
12,9,2025,109713,P1207030,Mujeres 55 a 59 anos con mamografia vigente (<= 2 anos),13,13125,39,0,0,0,55_59
6,9,2025,109307,P1207030,Mujeres 55 a 59 anos con mamografia vigente (<= 2 anos),13,13127,398,0,7,24,55_59
6,9,2025,201462,P1220030,Mujeres 50 a 54 anos con mamografia vigente (<= 2 anos),13,13301,335,0,4,6,50_54
6,9,2025,109312,P1220030,Mujeres 50 a 54 anos con mamografia vigente (<= 2 anos),13,13302,188,0,4,12,50_54
12,9,2025,109412,P1207050,Mujeres 65 a 69 anos con mamografia vigente (<= 2 anos),13,13303,18,0,0,0,65_69
12,9,2025,109303,P1220030,Mujeres 50 a 54 anos con mamografia vigente (<= 2 anos),13,13127,498,0,0,134,50_54
12,9,2025,109410,P1207050,Mujeres 65 a 69 anos con mamografia vigente (<= 2 anos),13,13303,9,0,0,0,65_69
6,9,2025,109716,P1207040,Mujeres 60 a 64 anos con mamografia vigente (<= 2 anos),13,13301,33,0,0,0,60_64
6,9,2025,201212,P1207050,Mujeres 65 a 69 anos con mamografia vigente (<= 2 anos),13,13302,64,0,0,2,65_69
6,9,2025,109313,P1207030,Mujeres 55 a 59 anos con mamografia vigente (<= 2 anos),13,13125,331,0,5,19,55_59
12,9,2025,109321,P1207040,Mujeres 60 a 64 anos con mamografia vigente (<= 2 anos),13,13108,376,0,3,102,60_64
12,9,2025,109307,P1207050,Mujeres 65 a 69 anos con mamografia vigente (<= 2 anos),13,13127,141,0,1,10,65_69
12,9,2025,109413,P1220030,Mujeres 50 a 54 anos con mamografia vigente (<= 2 anos),13,13303,24,0,0,2,50_54
12,9,2025,200347,P1207030,Mujeres 55 a 59 anos con mamografia vigente (<= 2 anos),13,13104,105,0,1,8,55_59
12,9,2025,109305,P1207050,Mujeres 65 a 69 anos con mamografia vigente (<= 2 anos),13,13107,138,0,4,11,65_69
12,9,2025,109313,P1207050,Mujeres 65 a 69 anos con mamografia vigente (<= 2 anos),13,13125,182,0,1,7,65_69
12,9,2025,109104,P1220030,Mujeres 50 a 54 anos con mamografia vigente (<= 2 anos),13,13303,132,0,0,0,50_54
6,9,2025,201091,P1207030,Mujeres 55 a 59 anos con mamografia vigente (<= 2 anos),13,13125,361,1,3,43,55_59
6,9,2025,109301,P1207050,Mujeres 65 a 69 anos con mamografia vigente (<= 2 anos),13,13127,252,0,0,167,65_69
6,9,2025,109417,P1207030,Mujeres 55 a 59 anos con mamografia vigente (<= 2 anos),13,13301,14,0,0,0,55_59
12,9,2025,200554,P1207030,Mujeres 55 a 59 anos con mamografia vigente (<= 2 anos),13,13108,147,0,3,4,55_59
12,9,2025,109300,P1207040,Mujeres 60 a 64 anos con mamografia vigente (<= 2 anos),13,13108,584,0,2,257,60_64
12,9,2025,109104,P1207040,Mujeres 60 a 64 anos con mamografia vigente (<= 2 anos),13,13303,108,0,0,0,60_64
12,9,2025,109414,P1207050,Mujeres 65 a 69 anos con mamografia vigente (<= 2 anos),13,13303,24,0,0,0,65_69
12,9,2025,109715,P1220030,Mujeres 50 a 54 anos con mamografia vigente (<= 2 anos),13,13125,13,0,0,2,50_54
12,9,2025,109312,P1220030,Mujeres 50 a 54 anos con mamografia vigente (<= 2 anos),13,13302,189,0,3,14,50_54
12,9,2025,109417,P1207040,Mujeres 60 a 64 anos con mamografia vigente (<= 2 anos),13,13301,19,0,0,1,60_64
6,9,2025,109304,P1220030,Mujeres 50 a 54 anos con mamografia vigente (<= 2 anos),13,13127,116,0,0,14,50_54
6,9,2025,109316,P1207050,Mujeres 65 a 69 anos con mamografia vigente (<= 2 anos),13,13301,292,0,0,12,65_69
12,9,2025,200304,P1220030,Mujeres 50 a 54 anos con mamografia vigente (<= 2 anos),13,13125,38,0,0,0,50_54
6,9,2025,109309,P1207050,Mujeres 65 a 69 anos con mamografia vigente (<= 2 anos),13,13104,69,0,2,6,65_69
12,9,2025,109416,P1207040,Mujeres 60 a 64 anos con mamografia vigente (<= 2 anos),13,13301,17,0,0,0,60_64
12,9,2025,109390,P1220030,Mujeres 50 a 54 anos con mamografia vigente (<= 2 anos),13,13127,504,0,6,30,50_54
12,9,2025,109712,P1207040,Mujeres 60 a 64 anos con mamografia vigente (<= 2 anos),13,13302,54,0,1,0,60_64
12,9,2025,109712,P1207030,Mujeres 55 a 59 anos con mamografia vigente (<= 2 anos),13,13302,68,0,0,8,55_59
12,9,2025,200304,P1207030,Mujeres 55 a 59 anos con mamografia vigente (<= 2 anos),13,13125,41,0,0,0,55_59
6,9,2025,109711,P1207050,Mujeres 65 a 69 anos con mamografia vigente (<= 2 anos),13,13302,22,0,0,0,65_69
6,9,2025,201091,P1207040,Mujeres 60 a 64 anos con mamografia vigente (<= 2 anos),13,13125,386,0,4,27,60_64
6,9,2025,109307,P1207050,Mujeres 65 a 69 anos con mamografia vigente (<= 2 anos),13,13127,209,0,5,6,65_69
12,9,2025,200304,P1207050,Mujeres 65 a 69 anos con mamografia vigente (<= 2 anos),13,13125,41,0,0,0,65_69
12,9,2025,109316,P1207040,Mujeres 60 a 64 anos con mamografia vigente (<= 2 anos),13,13301,579,0,1,73,60_64
6,9,2025,109302,P1207030,Mujeres 55 a 59 anos con mamografia vigente (<= 2 anos),13,13104,284,0,1,30,55_59
6,9,2025,109410,P1220030,Mujeres 50 a 54 anos con mamografia vigente (<= 2 anos),13,13303,15,0,0,0,50_54
6,9,2025,200304,P1207030,Mujeres 55 a 59 anos con mamografia vigente (<= 2 anos),13,13125,36,0,0,0,55_59
6,9,2025,200554,P1207030,Mujeres 55 a 59 anos con mamografia vigente (<= 2 anos),13,13108,120,0,0,4,55_59
12,9,2025,109390,P1207030,Mujeres 55 a 59 anos con mamografia vigente (<= 2 anos),13,13127,450,0,2,22,55_59
6,9,2025,200304,P1207050,Mujeres 65 a 69 anos con mamografia vigente (<= 2 anos),13,13125,25,0,0,0,65_69
6,9,2025,109323,P1207050,Mujeres 65 a 69 anos con mamografia vigente (<= 2 anos),13,13107,55,0,2,1,65_69
12,9,2025,109311,P1220030,Mujeres 50 a 54 anos con mamografia vigente (<= 2 anos),13,13302,480,0,5,50,50_54
12,9,2025,200961,P1207030,Mujeres 55 a 59 anos con mamografia vigente (<= 2 anos),13,13107,133,0,0,48,55_59
12,9,2025,109419,P1207030,Mujeres 55 a 59 anos con mamografia vigente (<= 2 anos),13,13301,20,0,1,0,55_59
6,9,2025,109304,P1207040,Mujeres 60 a 64 anos con mamografia vigente (<= 2 anos),13,13127,131,0,0,16,60_64
6,9,2025,109303,P1207040,Mujeres 60 a 64 anos con mamografia vigente (<= 2 anos),13,13127,498,0,0,0,60_64
6,9,2025,109414,P1207050,Mujeres 65 a 69 anos con mamografia vigente (<= 2 anos),13,13303,19,0,0,0,65_69
12,9,2025,109711,P1207050,Mujeres 65 a 69 anos con mamografia vigente (<= 2 anos),13,13302,26,0,0,1,65_69
12,9,2025,109308,P1207040,Mujeres 60 a 64 anos con mamografia vigente (<= 2 anos),13,13104,408,0,5,45,60_64
12,9,2025,109718,P1207050,Mujeres 65 a 69 anos con mamografia vigente (<= 2 anos),13,13107,88,0,0,4,65_69
12,9,2025,109413,P1207040,Mujeres 60 a 64 anos con mamografia vigente (<= 2 anos),13,13303,12,0,0,0,60_64
12,9,2025,200609,P1207040,Mujeres 60 a 64 anos con mamografia vigente (<= 2 anos),13,13104,58,0,0,1,60_64
12,9,2025,109317,P1207050,Mujeres 65 a 69 anos con mamografia vigente (<= 2 anos),13,13107,56,0,0,3,65_69
6,9,2025,109417,P1207050,Mujeres 65 a 69 anos con mamografia vigente (<= 2 anos),13,13301,8,0,0,3,65_69
12,9,2025,201212,P1220030,Mujeres 50 a 54 anos con mamografia vigente (<= 2 anos),13,13302,175,0,2,21,50_54
12,9,2025,109312,P1207050,Mujeres 65 a 69 anos con mamografia vigente (<= 2 anos),13,13302,59,0,1,2,65_69
12,9,2025,109302,P1207040,Mujeres 60 a 64 anos con mamografia vigente (<= 2 anos),13,13104,396,0,5,22,60_64
12,9,2025,109410,P1207030,Mujeres 55 a 59 anos con mamografia vigente (<= 2 anos),13,13303,16,0,1,0,55_59
6,9,2025,109316,P1207030,Mujeres 55 a 59 anos con mamografia vigente (<= 2 anos),13,13301,560,0,2,65,55_59
6,9,2025,109716,P1207050,Mujeres 65 a 69 anos con mamografia vigente (<= 2 anos),13,13301,9,0,0,0,65_69
6,9,2025,200554,P1220030,Mujeres 50 a 54 anos con mamografia vigente (<= 2 anos),13,13108,85,0,0,8,50_54
12,9,2025,109324,P1207030,Mujeres 55 a 59 anos con mamografia vigente (<= 2 anos),13,13125,529,0,0,41,55_59
6,9,2025,109324,P1207030,Mujeres 55 a 59 anos con mamografia vigente (<= 2 anos),13,13125,478,0,0,0,55_59
12,9,2025,201091,P1207030,Mujeres 55 a 59 anos con mamografia vigente (<= 2 anos),13,13125,284,0,2,22,55_59
6,9,2025,109315,P1220030,Mujeres 50 a 54 anos con mamografia vigente (<= 2 anos),13,13125,466,0,0,0,50_54
12,9,2025,109313,P1207030,Mujeres 55 a 59 anos con mamografia vigente (<= 2 anos),13,13125,386,0,6,29,55_59
12,9,2025,109410,P1207040,Mujeres 60 a 64 anos con mamografia vigente (<= 2 anos),13,13303,10,0,1,0,60_64
6,9,2025,200347,P1207040,Mujeres 60 a 64 anos con mamografia vigente (<= 2 anos),13,13104,98,0,4,9,60_64
6,9,2025,109315,P1207030,Mujeres 55 a 59 anos con mamografia vigente (<= 2 anos),13,13125,418,0,0,0,55_59
6,9,2025,200609,P1207030,Mujeres 55 a 59 anos con mamografia vigente (<= 2 anos),13,13104,25,0,0,2,55_59
12,9,2025,109390,P1207040,Mujeres 60 a 64 anos con mamografia vigente (<= 2 anos),13,13127,354,0,1,10,60_64
6,9,2025,109410,P1207050,Mujeres 65 a 69 anos con mamografia vigente (<= 2 anos),13,13303,19,0,0,0,65_69
6,9,2025,109709,P1207050,Mujeres 65 a 69 anos con mamografia vigente (<= 2 anos),13,13104,51,0,0,1,65_69
12,9,2025,200554,P1207050,Mujeres 65 a 69 anos con mamografia vigente (<= 2 anos),13,13108,79,0,1,5,65_69
6,9,2025,109310,P1207040,Mujeres 60 a 64 anos con mamografia vigente (<= 2 anos),13,13301,469,0,14,99,60_64
6,9,2025,109304,P1207030,Mujeres 55 a 59 anos con mamografia vigente (<= 2 anos),13,13127,116,0,0,14,55_59
12,9,2025,109314,P1207050,Mujeres 65 a 69 anos con mamografia vigente (<= 2 anos),13,13104,210,0,3,11,65_69
12,9,2025,200554,P1207040,Mujeres 60 a 64 anos con mamografia vigente (<= 2 anos),13,13108,129,0,1,6,60_64
6,9,2025,109414,P1220030,Mujeres 50 a 54 anos con mamografia vigente (<= 2 anos),13,13303,34,0,0,0,50_54
6,9,2025,109390,P1207040,Mujeres 60 a 64 anos con mamografia vigente (<= 2 anos),13,13127,379,0,0,6,60_64
12,9,2025,109712,P1220030,Mujeres 50 a 54 anos con mamografia vigente (<= 2 anos),13,13302,61,0,1,8,50_54
12,9,2025,109308,P1207030,Mujeres 55 a 59 anos con mamografia vigente (<= 2 anos),13,13104,405,0,9,41,55_59
6,9,2025,109305,P1207050,Mujeres 65 a 69 anos con mamografia vigente (<= 2 anos),13,13107,138,0,2,7,65_69
6,9,2025,200961,P1207040,Mujeres 60 a 64 anos con mamografia vigente (<= 2 anos),13,13107,76,0,1,19,60_64
12,9,2025,109304,P1220030,Mujeres 50 a 54 anos con mamografia vigente (<= 2 anos),13,13127,153,0,1,19,50_54
12,9,2025,109312,P1207030,Mujeres 55 a 59 anos con mamografia vigente (<= 2 anos),13,13302,155,0,3,8,55_59
12,9,2025,109311,P1207030,Mujeres 55 a 59 anos con mamografia vigente (<= 2 anos),13,13302,351,0,5,43,55_59
12,9,2025,109317,P1207030,Mujeres 55 a 59 anos con mamografia vigente (<= 2 anos),13,13107,202,0,0,12,55_59
6,9,2025,109317,P1207030,Mujeres 55 a 59 anos con mamografia vigente (<= 2 anos),13,13107,178,0,1,0,55_59
12,9,2025,200609,P1207030,Mujeres 55 a 59 anos con mamografia vigente (<= 2 anos),13,13104,57,0,1,2,55_59
12,9,2025,201212,P1207030,Mujeres 55 a 59 anos con mamografia vigente (<= 2 anos),13,13302,148,0,2,12,55_59
6,9,2025,201212,P1207040,Mujeres 60 a 64 anos con mamografia vigente (<= 2 anos),13,13302,108,0,2,6,60_64
6,9,2025,109418,P1207050,Mujeres 65 a 69 anos con mamografia vigente (<= 2 anos),13,13301,19,0,0,1,65_69
12,9,2025,201462,P1220030,Mujeres 50 a 54 anos con mamografia vigente (<= 2 anos),13,13301,450,0,2,20,50_54
12,9,2025,201462,P1207030,Mujeres 55 a 59 anos con mamografia vigente (<= 2 anos),13,13301,267,0,2,11,55_59
6,9,2025,109308,P1220030,Mujeres 50 a 54 anos con mamografia vigente (<= 2 anos),13,13104,344,0,5,44,50_54
6,9,2025,200554,P1207050,Mujeres 65 a 69 anos con mamografia vigente (<= 2 anos),13,13108,60,0,0,5,65_69
6,9,2025,109304,P1207050,Mujeres 65 a 69 anos con mamografia vigente (<= 2 anos),13,13127,77,0,0,9,65_69
12,9,2025,109307,P1207030,Mujeres 55 a 59 anos con mamografia vigente (<= 2 anos),13,13127,154,0,4,13,55_59
12,9,2025,109302,P1207030,Mujeres 55 a 59 anos con mamografia vigente (<= 2 anos),13,13104,347,0,2,29,55_59
12,9,2025,109711,P1207040,Mujeres 60 a 64 anos con mamografia vigente (<= 2 anos),13,13302,50,0,0,4,60_64
6,9,2025,109716,P1220030,Mujeres 50 a 54 anos con mamografia vigente (<= 2 anos),13,13301,55,0,1,1,50_54
12,9,2025,109320,P1207040,Mujeres 60 a 64 anos con mamografia vigente (<= 2 anos),13,13303,95,0,0,3,60_64
12,9,2025,109420,P1207030,Mujeres 55 a 59 anos con mamografia vigente (<= 2 anos),13,13301,23,0,0,2,55_59
